clone_name,clone_id,symbol,ncbi_gene_id,orf_class,official_name,protein_class,protein_class_id,skmel19_plx4720_rel_zc,skmel19_azd6244_rel_zc,skmel19_plx_azd_rel_zc,skmel19_vtx_11e_rel_zc,wm266_4_plx4720_rel_zc,wm266_4_azd6244_rel_zc,wm266_4_plx_azd_rel_zc,wm266_4_vtx_11e_rel_zc,skmel28_plx4720_rel_zc,skmel28_azd6244_rel_zc,skmel28_plx_azd_rel_zc,skmel28_vtx_11e_rel_zc,uacc62_plx4720_rel_zc,uacc62_azd6244_rel_zc,uacc62_plx_azd_rel_zc,uacc62_vtx_11e_rel_zc,wm983b_plx4720_rel_zc,wm983b_azd6244_rel_zc,wm983b_plx_azd_rel_zc,wm983b_vtx_11e_rel_zc,g361_plx4720_rel_zc,g361_azd6244_rel_zc,g361_plx_azd_rel_zc,g361_vtx_11e_rel_zc,wm88_plx4720_rel_zc,wm88_azd6244_rel_zc,wm88_plx_azd_rel_zc,wm88_vtx_11e_rel_zc,skmel19_cum_z,wm266_4_cum_z,skmel28_cum_z,uacc62_cum_z,wm983b_cum_z,g361_cum_z,wm88_cum_z,cum_z_score
,,eGFP (n=9),,NEGATIVE,,,,0.3941676423563993,-0.6180080872474534,0.9040670522923588,0.38805404591460474,0.3237295584723643,0.3302942247353231,0.14155337670470672,0.16348614435515946,-0.17484320238392026,-0.08085113329926728,0.11702301264048506,0.5934859901924399,-0.5688771456456824,-0.8604672845590022,-0.590143607600725,-0.3472196359135235,-0.23620078164926464,-0.5700679405648045,-0.27965326094234305,-0.4711856949877912,0.12961479405210394,-0.34687602272253026,0.8273966838942173,0.6192684597486303,0.368171759879918,0.10968123348012519,-0.025629385024143535,0.35819816399020354,1.0682806533159095,0.9590633042675535,0.4548146671497376,-2.366707673718933,-1.5571076781442033,1.2294039149724214,0.8104217723261032,0.5981689601685901
,,HcRed (n=16),,NEGATIVE,,,,-0.053425036407932835,0.44916475407638906,0.11338914809241747,0.27221984550318706,-0.004909545076138656,0.07223325412786266,-0.20068174975662306,-0.09487506906053414,-0.18609591482266732,0.10488164642420972,-0.48343481428469615,-0.4857542702717282,0.5730757631804586,0.581429566986576,0.2769251488778553,0.42164274027611903,0.19872528838429948,0.406871965045895,0.17593948290723446,0.32730138377635476,-0.3611255488535643,0.30193311961008407,-0.3889632400048929,-0.1817989832602217,-0.3945826297037039,-0.3131837499244947,-0.3264571586476786,-0.6748388784501499,0.7813487112640608,-0.2282331097654332,-1.0504033529548815,1.8530732193210087,1.1088381201137838,-0.629954652508595,-1.7090624167260269,0.1256065187439158
,,Luciferase (n=15),,NEGATIVE,,,,-0.16586161271178063,-0.03246134800888245,-0.5762682240421784,-0.31538259468065516,-0.18273162386831052,-0.17358338574656293,-0.2831087709179023,-0.20717063369142844,-0.2253561468101643,-0.2331700493079317,-0.4076501765580656,-0.41930733109695956,0.024115447949805684,0.16204956893738723,0.05020622405770394,0.10797427723032599,-0.29079951505496665,-0.08291068640747783,-0.22009420192259063,-0.2635241258110641,0.03389570838094354,-0.10824801246378685,-0.31527377073142365,-0.4068301588339673,0.05089383605280553,0.11157615057687652,0.04250801789353467,0.0526466776988495,-1.089973779443496,-0.8465944142242041,-1.285483703773121,0.3443455181752228,-0.8573285291960993,-0.796456233648234,0.2576246822220663,-4.273866459887868
,,Neutral (n=19),,NEUTRAL,,,,0.2481349289994769,0.13888288896529433,0.08021033191038221,0.24805943911638967,0.19608536502922333,0.08502828680367859,0.11503201023095978,0.03131396767047561,0.6630916064616603,0.5424036194537898,0.6545048159404635,0.5453864070032727,0.2668791746499927,0.11244060503048713,0.2840337176659072,0.07394136028506536,0.3604261531623207,0.20471312194778601,0.4810779267681328,0.36495354233036964,0.16891925782727607,0.0784991057773852,-0.10303527873982052,-0.20168574552887614,-0.23678099047355577,0.1806386399363956,-0.04415027761663618,-0.028851395952868814,0.7152875889915429,0.4274596297343373,2.405386448859186,0.7372948576314524,1.411170744208609,-0.0573026606640354,-0.1291440241066652,5.510152584654427
,,MEKDD,-38,POSITIVE,mitogen-activated protein kinase kinase 1[Homo sapiens],S/T Kinase,4,13.858489827017502,10.858309189514207,26.295059408576897,2.6831091250425687,18.37847010825508,2.938480057436546,7.567892925331108,0.9065169186673875,15.455848355063864,12.010232003480633,22.468743593602134,1.3154734654513487,24.240411608999146,16.59966827911108,31.257091071688563,11.629115634201986,23.538589014827938,7.334747961293273,15.497703576364836,0.7368169262166853,27.830322436059753,11.268237630470914,45.37610306393231,2.491097281964181,30.219923704310865,8.605478576891944,101.61360332953032,-0.018064218933140034,53.694967550151176,29.791360009690123,51.250297417597984,83.72628659400077,47.107857478702726,86.96576041242716,140.4209413918,492.95747085437
,,MAP3K8,-31,POSITIVE,mitogen-activated protein kinase kinase kinase 8[Homo sapiens],S/T Kinase,4,6.132999530710935,0.7750806659857312,1.2937890890947674,0.7269751092946145,-0.3312724459948257,-0.7472276946399118,-0.6893062809371656,-0.4034190372368993,6.741052502732778,1.156052852190077,-2.6360220729194,0.6418257466078231,19.49878491338578,6.3598723381761655,17.53418753956778,4.650740052376721,-0.0867008991507766,-2.1195104733774377,-1.6763380098801703,-2.2046493147469497,4.180921712943837,-0.8487497017372423,2.3522306561501214,0.22318222878944868,1.0406667266827017,-1.092357202208989,2.615441691069808,-0.49340436365207435,8.92884439508605,-2.1712254588088027,5.902909028611276,48.043584843506444,-6.0871986971553325,5.9075848961461634,2.070346851891448,62.59484585927724
,,KRASV12,-39,POSITIVE,v-Ki-ras2 Kirsten rat sarcoma viral oncogene homolog[Homo sapiens],Small GTPase,12,13.964540109965975,9.492400202985507,22.875659646266993,8.054714958702304,11.085947251917704,2.411520986686063,7.510676284303741,1.1458055602370796,14.757668065855238,6.937391081523418,19.785082006159623,4.322269483593747,20.876313856672372,12.192617170393945,30.130597980294585,10.75997415589072,12.279951388960612,5.12536678646483,8.117449623425642,-0.15066887326850587,10.689483878751515,1.0211851241681824,7.81768390626537,1.2358060281933192,8.34980638477039,1.0893915906103158,18.580707307848805,-0.6950390692029155,54.38731491792078,22.153950083144593,45.80241063713203,73.95950316325161,25.372098925582584,20.764158937378387,27.3248662140266,269.7643028784365
5280.1,304,POU5F1,5460,CANDIDATE,POU class 5 homeobox 1[Homo sapiens],Transcription Factor,1,14.350349191309304,15.266067352932605,26.50221109566357,23.598129029950048,1.3868024185165753,1.0398086406995235,1.2929890928724272,2.291526512154767,15.91627408906327,9.002132184504003,24.371862757612067,13.23162080993622,6.674869622703179,2.5169598283676726,13.558664749446422,12.249606448371413,13.02432132033492,10.808474615267285,15.677204739492279,12.495989042907937,12.910647097762673,7.727141041829472,11.506614615754401,1.113942601231477,33.01535356726949,18.578325709807814,102.54260850596792,58.20438066264225,79.71675666985554,6.011126664243294,62.521889841115545,35.0001006488887,52.005989718002425,33.25834535657804,212.34066844568756,480.8548773443711
11723.1,304,HOXD9,3235,CANDIDATE,homeobox D9[Homo sapiens],Transcription Factor,1,3.2733179476562113,3.4505591748618243,7.462136490774266,5.400808528514642,5.0697733644049485,1.1625486536932395,4.863300357292982,6.433992862843393,6.945793135594699,4.404892136694426,10.453105474794517,6.272932426937426,4.948481158735611,0.6886265309574708,7.783326968772697,11.546927214576966,15.538281339205652,9.233048329965344,18.31321712208063,12.027381695353968,0.8614547676856454,-1.8432056939587944,1.8671524945087743,-0.9204817079611406,20.27367297071168,8.325128440543484,57.71832320275923,38.56975492964004,19.586822141806937,17.529615238234562,28.07672317402106,24.967361873042744,55.111928486605585,-0.03508013972551583,124.8868795436544,270.12425031763985
5912.1,304,EBF1,1879,CANDIDATE,early B-cell factor 1[Homo sapiens],Transcription Factor,1,3.3328649091433173,1.886698379627858,5.35089687218735,2.043237033564372,18.07951689508466,14.383625080918092,11.722652578124366,13.161540057761608,6.8174100468399486,4.582797381014187,5.550858367840288,1.486470141569971,26.920149136051037,19.954305849564587,37.35525692426736,32.847524915542124,-0.2078723160662148,-0.1714651250228083,0.5710196461854183,-0.5583145961721038,5.975601810249922,10.498133513820711,2.388390557643904,0.7628386458650078,2.581654571815813,-0.005165925393759436,16.07986279163299,6.7315529969465615,12.613697194522903,57.34733461188871,18.437535937264393,117.07723682542515,-0.36663239107570866,19.624964527579543,25.387904435001605,250.12204114060663
15961.1,304,HNF4A,3172,CANDIDATE,"hepatocyte nuclear factor 4, alpha[Homo sapiens]",Transcription Factor,1,3.1322192322655993,0.28794465582061646,5.3998568495818455,-0.12235453756308781,16.50898241455773,8.235994708346585,15.134500311492642,14.894439483042433,9.484959519371992,4.742148178131792,11.577062642335164,0.38302693931041126,20.888398771036485,13.429360656600023,31.360151050852554,17.07201439114848,7.853716314892206,5.480153318579618,7.0461735455234615,1.8290131668113037,0.15585610217855692,1.0013750740129064,-0.9250059061874688,-2.8981281527551985,14.473068486522891,6.587846395664752,29.951227190368353,6.148970977854171,8.697666200104976,54.77391691743941,26.187197279149355,82.74992486963757,22.20905634580659,-2.665902882751204,57.16111305041017,249.11297177979682
16255.1,304,SP6,80320,CANDIDATE,Sp6 transcription factor[Homo sapiens],Transcription Factor,1,2.089399700657375,2.542091321643697,4.060910295110495,4.444641351590937,-0.9954019178763459,-1.6925454193317626,-0.1808670136303454,-0.07108592061790052,0.2695516979012992,0.0519421289027598,-0.5114658071435995,1.3964869097113302,49.846903491122724,25.561204131843738,69.98809804007445,67.93493539704893,1.0790276158201204,1.2599865020283707,0.9373676362506722,1.1385141695435974,1.196540639578688,-0.44663307942765146,0.853639237660364,0.7100389859121035,1.395376819394658,2.3570241348293828,5.567348520385448,5.691879605436045,13.1370426690025,-2.9399002714563545,1.2065149293717896,213.3311410600899,4.414895923642761,2.3135857837235037,15.011629080045536,246.4749091744196
16268.1,304,ESRRG,2104,CANDIDATE,estrogen-related receptor gamma[Homo sapiens],Transcription Factor,1,9.69210753234275,5.222979543679888,16.695057493652325,15.886899597279506,13.179946554977988,8.253967299807337,14.004911115868692,17.403226237759714,1.9891676577162976,1.1125396785743096,3.0302126670970497,3.6971964467543614,12.023556653082364,7.90319083091386,17.484757955508687,18.760084507895616,3.7977288032778582,5.763830253948068,3.173029613092507,3.2398840173079733,8.260474057533957,4.120903140523561,13.137767642405715,4.6061728913856115,6.192726593752439,6.966106354440092,12.024363226613458,6.780352204479012,47.49704416695445,52.842051208413736,9.82911645014202,56.17158994740052,15.974472687626406,30.125317731848842,31.963548379284997,244.40314057167097
15474.1,304,TFEB,7942,CANDIDATE,transcription factor EB[Homo sapiens],Transcription Factor,1,5.588739130405275,3.1944084821351275,13.18308798753617,13.134683201530754,5.038342376566187,1.7550893402619658,4.03960408177766,5.232991538605085,2.5664028988373593,1.1151910090572785,4.109530125540714,6.611410592877742,8.520409895825185,4.37785386436446,14.270730272242945,15.50857904543013,9.463042827180773,8.719403878257955,10.797352573408014,8.854444348703678,2.8911013509256516,0.41053408092259575,6.56416059691781,2.1799566686034537,19.903884977593066,9.304289545828269,33.02668842954206,22.16318489958303,35.10091880160733,16.066027337210894,14.402534626313098,42.67757307786271,37.834243627550414,12.045752697369513,84.39804785254641,242.5250980204604
9037.1,304,FOXA3,3171,CANDIDATE,forkhead box A3[Homo sapiens],Transcription Factor,1,6.47885165620636,3.3447938235241046,7.171181747263945,3.945601077620759,2.8894738062502747,1.4132460025945668,1.5014991389734464,0.6824829262008669,2.2021771763962,0.23402920315576628,3.063636718910043,1.7543834931194005,22.135813685382324,14.995460720115478,24.666489772343812,18.761602995853487,2.069874771264787,2.566618251835899,1.9996201598571932,0.8186675562237543,1.9990529880291759,0.7809187466386518,1.2053003613465776,-1.729335544067088,8.86997728858954,2.8075957889618377,27.16948656736755,15.754959159750014,20.940428304615164,6.4867018740191575,7.254226591581409,80.5593671736951,7.454780739181633,2.2559365519473187,54.60201880466896,179.5534600397087
193.1,304,FOS,2353,CANDIDATE,FBJ murine osteosarcoma viral oncogene homolog[Homo sapiens],Transcription Factor,1,2.8985350163281094,3.097937955390615,7.110034922842962,4.633514129435954,10.115209250705101,5.150169656593834,5.065012600498853,2.3448871742789734,11.228470461617375,5.64865402733594,13.801514723279233,1.6088768077582245,12.557583465084814,4.078982747908081,17.64190482981487,11.681292700297755,6.821701726664704,5.876843362882891,7.2332548860645245,5.8073060408015555,2.534967941086173,0.7917607446319828,7.287612715098843,2.5204702639620216,-0.9268412168388223,0.737952473720367,2.017713143213057,2.298510563708262,17.74002202399764,22.67527868207676,32.28751601999078,45.959763743105505,25.739106016413675,13.134811664779017,4.1273349638028645,161.66383311416615
10217.1,304,MITF,4286,CANDIDATE,microphthalmia-associated transcription factor[Homo sapiens],Transcription Factor,1,9.44261831352506,4.757013017841232,13.339830167568802,12.486905854362366,3.3911695659790655,1.1189933106536858,3.1798092181221014,5.023054150300365,1.8767863232239232,0.43062176099331506,2.62174257683262,5.359929125656186,8.043832617880348,2.882823315004746,14.453105439125205,13.797621513633871,0.3885278823265554,0.6244513947066297,0.7490810942892002,0.9931711728779467,1.4600071424706067,-0.40166578195016245,3.049563834077447,0.10225290516024987,2.909423181260371,1.7713195143965736,13.527708555708749,11.453547911142838,40.026367353297445,12.71302624505522,10.289079786706044,39.17738288564416,2.7552315442003334,4.210158099758141,29.661999162508536,138.8332450771699
683.1,304,FOXJ1,2302,CANDIDATE,forkhead box J1[Homo sapiens],Transcription Factor,1,3.3593160011262504,1.4002765142233,6.939084015190638,3.2117227335510004,0.6342223628008137,-0.05352731892357079,0.9840705311308625,1.875762721648829,2.8787952841091866,1.22263215320054,4.5250850258244375,3.056759775180391,12.833752887856066,9.773030818859654,18.281641963428758,15.227127921925208,1.9562244336364119,2.126930780283244,2.569214644884535,1.631667054735194,2.4243127291629034,0.3675849230765591,2.9586792354003175,0.3738206174083709,4.869243258817597,3.786821480147677,11.300791796298313,10.600034625843742,14.910399264091184,3.4405282966569346,11.683272238314554,56.11555359206968,8.284036913539387,6.124397505048149,30.556891161107327,131.1150789708272
17985.1,304,XBP1,7494,CANDIDATE,X-box binding protein 1[Homo sapiens],Transcription Factor,1,-0.17732172527350984,0.8277162701085925,1.5952248654469228,2.310910387526636,2.9673463040758414,0.4027574209251813,2.942687490295603,4.067063972787972,3.1852777913571,3.1849863975716337,5.372002767744858,4.577606628100546,7.0480345148768215,6.687978155145449,14.644756184497847,15.109681312046686,2.933889168524981,3.574707484957191,4.43426255716337,3.848296234987901,2.2072678213533865,-0.7089935883251364,4.677224099736095,1.6769868762199247,3.293997740841379,4.55133775166258,11.751271035033685,10.01552886919871,4.5565297978086425,10.379855188084601,16.319873584774136,43.4904501665668,14.79115544563344,7.852485208984268,29.612135396736356,127.00248478858822
6637.1,304,NR4A1,3164,CANDIDATE,"nuclear receptor subfamily 4, group A, member 1[Homo sapiens]",Transcription Factor,1,3.0357860051388337,1.582024880364478,6.9530209382912656,6.11660432095805,3.1272882540557765,2.5194841529598637,4.0575439436080565,5.047819036841487,4.158814207869264,1.7887068891227484,6.079621926092392,6.742587246506197,2.1805867225471447,0.8690756764187824,2.790960808781761,6.368093892028843,2.9793566948111336,2.2484640110770737,3.206927910818693,2.5122804527532643,4.0035789486900475,0.7770134538821165,6.399651981064352,2.4380324515440526,6.3229814956412,5.228866970083791,12.18759141559156,10.526949771660771,17.687436144752628,14.752135387465184,18.7697302695906,12.208717099776527,10.947029069460163,13.618276835180568,34.26638965297733,122.249714459203
12678.1,304,ETV1,2115,CANDIDATE,ets variant 1[Homo sapiens],Transcription Factor,1,5.449707317533902,2.9820121581404475,8.797821674343243,7.77942141412837,1.2361951194312721,2.0358910648000617,0.4192280360508237,1.5736573686576358,1.0049608522734115,0.3110249013108844,1.406837288327515,0.977533333103629,5.677094003042067,1.7963885004175009,9.676216502527582,10.429901516926286,1.9403458461174499,2.4057965281093177,2.1547864026817636,1.9171024751289565,3.7547178169633404,1.420117609596172,7.614941796777431,5.090256529911739,4.3125481593276485,1.2747245458459784,17.415163222459004,10.087850608106525,25.008962564145957,5.264971588939791,3.7003563750154402,27.579600522913434,8.418031252037487,17.880033753248686,33.09028653573915,120.94224259203995
12592.1,304,HEY1,23462,CANDIDATE,hairy/enhancer-of-split related with YRPW motif 1[Homo sapiens],Transcription Factor,1,4.868472819878915,2.6372438875727124,10.445675103600747,7.6478069078841955,0.8837295003900895,1.743771469430705,-0.5747927706140308,0.28568510992647805,5.60297483925348,2.293541574319948,7.497461228395663,7.833151770883491,7.517685738928225,5.7424000029226345,8.961249025653444,5.495077243807634,3.7034471223182837,2.8907957494448233,5.186551716904729,2.6244510764487847,2.4444229876837413,-2.733394635082939,9.736755249647038,2.681646147408255,0.8680537778929013,-1.5847794642082311,7.644410113999352,5.187504727880296,25.599198718936574,2.3383933091332407,23.227129412852587,27.71641201131193,14.40524566511662,12.129429749656097,12.115189155564323,117.53099802257132
14251.1,304,KLF6,1316,CANDIDATE,Kruppel-like factor 6[Homo sapiens],Transcription Factor,1,-1.344490462943298,0.06479488961273816,-1.2958720671340607,0.6618743746428487,5.650817925795436,4.052316703188028,2.857160464363896,3.4380658487480797,6.698045678594421,8.202127887160628,2.843947683416139,5.528836688632267,7.157950954684217,5.323602888617555,6.082877234844929,9.621132948414788,1.181342836137697,1.3325488077903185,0.4188978030537027,1.4388002332086476,5.224421489935012,2.817546414934789,3.0099435833823422,2.867726284744972,4.595084747164151,3.4752292633077277,8.816150903086477,9.922609804540913,-1.9136932658217718,15.99836094209544,23.272957937803458,28.18556402656149,4.371589680190366,13.919637772997119,26.80907471809927,110.64349181192536
10863.1,304,HEY2,23493,CANDIDATE,hairy/enhancer-of-split related with YRPW motif 2[Homo sapiens],Transcription Factor,1,2.8296117501649483,1.0553322177303652,7.927927429188998,5.175262958800519,-1.2739298641846664,-1.1709464442515598,-1.660425333288916,-1.4403195463386453,1.7355785599303415,-0.03827814710729898,5.274121266772352,3.102957006953692,22.152398415120444,9.681428870496676,23.79023539963352,18.6424359406739,3.875558038769236,2.9443196872053266,6.784536862859742,2.9532575876243476,-0.7322848307976386,-5.104699961158131,2.6702012979469796,-1.376738115488355,-0.9091652623858394,-1.804196035206347,1.352984243074554,1.086000415060405,16.988134355884824,-5.545621188063788,10.074378686549085,74.26649862592454,16.557672176458656,-4.543521609497145,-0.2743766394572272,107.52316440779896
4762.1,304,JUNB,3726,CANDIDATE,jun B proto-oncogene[Homo sapiens],Transcription Factor,1,1.5310033294606187,0.40034241401795384,3.8994006436657274,1.5952860122365582,16.42045602077286,16.737132050395147,10.678753013940383,13.090208245667489,8.27086189520414,10.981128468625794,6.19335433793583,5.457272413198378,1.853313189485844,3.215044361909255,4.556177053274799,4.469427863586127,1.7171321881446293,5.4701652458605645,1.9336305376486218,-0.04876855689713169,-2.7701824128851245,-0.9940160887865992,-0.25106348341162527,-2.2314366886129156,-1.822697344695855,-2.6463450265433237,-1.708705531485862,-2.9638196048426115,7.426032399380858,56.926549330775906,30.902617114964137,14.093962468256022,9.072159414756685,-6.246698673696264,-9.141567507567652,103.03305454686965
3794.1,304,SP8,221833,CANDIDATE,Sp8 transcription factor[Homo sapiens],Transcription Factor,1,2.557147504928699,1.879798429755502,5.983274451878207,4.174957768929015,1.5055972492299976,2.0405257031915616,3.4206712308005964,5.204003414633333,2.519419158968232,1.2903953272578819,1.5395389749788075,0.7971165740289383,6.829050850601483,3.4441939032894773,8.411598400935889,7.0008244255341205,1.604288713815112,0.9283283455474751,1.175354424751493,1.3792852188228502,1.7908895031021037,-0.8396073371766044,4.042669722149499,0.4288022761701003,5.229485360487973,2.551671011647048,8.818897275557665,6.299974122696938,14.59517815549142,12.17079759785549,6.146470035233859,25.685667580360963,5.08725670293693,5.422754164245097,22.90002777038962,92.00815200651337
8428.1,304,OLIG3,167826,CANDIDATE,oligodendrocyte transcription factor 3[Homo sapiens],Transcription Factor,1,0.27139480421095086,1.0446894525860877,3.227378388435288,2.2974210431925686,1.3982959058809867,-0.25117916606428936,0.5553809728019965,0.9568392323697075,2.0201654318699593,3.902156028666122,1.8484780399058383,3.057433761056389,0.9382504410814125,3.574511107651815,2.958187100391413,2.029032172258703,2.4695545540421313,4.4715945445102765,1.6220915807390122,0.5936908093132082,-2.718316114325769,-1.7984573132994175,-2.3444925491298165,-2.9147165193944238,10.224310962504198,7.542141988574419,20.45000911044547,21.58041803662113,6.840883688424894,2.659336944988401,10.828233261498308,9.499980821383344,9.156931488604627,-9.77598249614943,59.79688009814522,89.00626380689538
8926.1,304,PURG,29942,CANDIDATE,purine-rich element binding protein G[Homo sapiens],Transcription Factor,1,3.7792773881973787,2.1102066936370387,4.1873282957769105,3.7259429997804623,0.0017246004149084231,0.6178821459749323,0.28425358974628245,1.9090265211711808,0.5669664815023068,0.36168414531617843,1.2715409829392532,1.9306002429103524,5.928831965957971,2.444728512809729,9.711173874544821,13.73337744328246,0.9667997701254323,0.19662920213748541,0.7241341114202893,1.6985754913901392,2.756753748471334,1.5143555793873003,5.8299788399779064,3.0652343763432786,3.411807167645487,-1.0992369638645536,8.685367295785436,5.9315772974885705,13.80275537739179,2.812886857307304,4.13079185266809,31.81811179659499,3.586138575073346,13.166322544179819,16.92951479705494,86.2465218002703
10996.1,304,FOXP2,93986,CANDIDATE,forkhead box P2[Homo sapiens],Transcription Factor,1,1.3292940328408216,1.4433414719889046,6.6429129796718875,7.595762531935147,2.691415160020207,1.3469642179238956,1.3285600809646656,1.7339688889939981,4.502742154510083,4.353591870139856,3.832120844944637,5.532170799999265,3.475393783229974,2.120440382646027,6.2517367402588455,10.304317991988329,0.5687018370347297,0.6208002963697787,1.6639441529403782,0.8419488037367506,0.2823644825416929,-0.6751934922155176,0.8240041847431485,-1.1125373236784661,3.878307322712247,1.9147186893484522,3.914934313877358,4.555990698603407,17.011311016436768,7.1009083479027675,18.220625669593836,22.151888898123175,3.6953950900816372,-0.6813621486091419,14.263951024541463,81.76271789807048
10625.1,304,YAP1,10413,CANDIDATE,Yes-associated protein 1[Homo sapiens],Transcription Factor,1,3.567671888359811,1.5664119955580509,7.678148866667442,4.265837947365271,-0.9755642009201766,-0.4305467686026008,-0.36853112724496084,0.5055593969634944,5.831679526390062,2.2528992383544173,6.832454855039219,4.283843400829258,1.364118157382918,0.4914298903100204,7.267195756408986,8.880122041987365,1.776652437281998,2.06597280803896,1.8148780019970603,1.3848899942465402,3.751896985713355,-0.7681363066117566,8.760870275365535,2.3291698323459804,0.8056613908862725,0.42947875034201566,1.9544878244097104,2.929980350485952,17.078070697950583,-1.269082699804244,19.20087702061296,18.002865846089293,7.042393241564557,14.073800786813115,6.11960831612395,80.24853320935021
4688.1,304,NFE2L1,4779,CANDIDATE,nuclear factor (erythroid-derived 2)-like 1[Homo sapiens],Transcription Factor,1,0.5419965444211169,0.1808290893244087,4.161770485997705,2.8904404271295863,5.939025268369057,5.031066012457005,2.021570017448039,2.925532976657433,4.304343707767852,4.067083994371871,6.246587415484028,5.550863905982281,3.5954686360426082,2.968814727161333,6.5758972450938895,5.097712929004958,1.1349407780682501,1.6459806848255427,1.9136370895427877,1.3923242142232253,2.595434188640729,2.023956612247612,3.239969943756331,1.072576331806247,0.8947282933235511,0.28786620536518165,1.3598130101315031,0.4890791305311631,7.7750365468728155,15.917194274931532,20.16887902360603,18.237893537302792,6.086882766659806,8.93193707645092,3.031486639351398,80.1493098651753
1341.1,304,TLE1,7088,CANDIDATE,"transducin-like enhancer of split 1 (E(sp1) homolog, Drosophila)[Homo sapiens]",Transcription Factor,1,4.868387191420915,4.321352275129771,9.889907802927242,7.627720825439711,-1.6740639597923328,-0.11996728092019929,-1.3759459220943058,-2.7661509089216736,2.1650525884786287,1.70515540758499,3.9829115548504292,1.8712944030034042,-0.38748885171085506,1.6375806544709093,1.554216852612637,3.8933774626257014,0.11887440935981605,0.20870828944843386,1.2394923277029062,0.3693570795031944,-1.6462755642064233,-1.0137264552016418,-0.8863073769023403,-0.8501139532388747,4.290729197827837,2.9540726842072154,13.239722260895904,8.725419951915558,26.707368094917637,-5.93612807172851,9.724413953917452,6.697686117998391,1.9364321060143508,-4.39642334954928,29.20994409484652,63.943292946416555
1742.1,304,PASD1,139135,CANDIDATE,PAS domain containing 1[Homo sapiens],Transcription Factor,1,1.1612521200273163,0.25646187606179427,2.701588412577253,1.5033120265354687,4.092118366065868,2.8951056513066638,2.5646937945628006,1.8596245621000589,0.9072253640353877,1.5535103243613337,2.581068401039433,3.2976871588597723,2.8758487793947776,1.2232578651436823,3.9663802448308827,5.188716948579954,1.8845789629335359,1.2340345167946305,2.0772378451994484,2.233628129834798,3.07720153693561,0.8048784351944808,0.9748773273003507,-0.7421558231455013,0.4506230124380554,1.5066812340456335,4.891068623106378,3.188444677159545,5.622614435201831,11.411542374035397,8.339491248295927,13.254203837949301,7.429479454762413,4.114801476284938,10.036817546749612,60.20895037327943
5407.1,304,TP53,7157,CANDIDATE,tumor protein p53[Homo sapiens],Transcription Factor,1,2.6839769527023845,1.398742834558608,2.117113435925263,3.234701895699586,1.8588948938736012,1.0318413438898706,2.13813042310098,2.2465208863107606,-0.036946162159235935,0.29285529620955664,0.5417647244302113,0.9491724839733099,1.482061282708163,1.9025661457981373,2.624997709702341,2.875789756439697,1.5772169310116557,0.4822437777206379,0.9207598765607252,1.3970040480492238,2.643345745700509,0.6708633466429227,6.7829423671053055,2.104556198269383,3.4082848267096004,1.9302534201031099,5.4108914636968635,3.202966717800936,9.434535118885842,7.27538754717521,1.7468463424538418,8.88541489464834,4.377224633342243,12.201707657718119,13.952396428310509,57.873512622534115
10172.1,304,WWTR1,25937,CANDIDATE,WW domain containing transcription regulator 1[Homo sapiens],Transcription Factor,1,3.5396557762268697,1.56865119286869,7.454729707447108,4.095828132374373,-1.8976783682646379,-0.6170166434905732,-0.9991126985088448,-0.7618207120601128,2.0928266899530774,0.6874349090796257,4.057230536861573,3.421638238896804,2.4754662094373514,0.9886662427462407,5.545463047981988,8.15880390133777,0.9803395955851708,1.3160830917113988,1.4203316960517247,-0.16405130073290414,0.4710639098416579,0.5918756376184341,5.845084510592485,3.4796423360463375,1.5849378513297552,-2.3291193134906263,2.0899693032502493,1.1761299039993758,16.65886480891704,-4.275628422324171,10.259130374791082,17.168399401503343,3.5527030826153907,10.387666394098918,2.5219177450887544,56.273053384690364
16524.1,304,SATB2,23314,CANDIDATE,SATB homeobox 2[Homo sapiens],Transcription Factor,1,-1.7409889181043923,-1.882727299035384,-0.9003842144079611,-2.197783953956585,9.833862207314917,5.813003602411422,2.7495397249445492,4.263793423687452,7.0038668770265,6.557890217082503,3.9658578771232267,3.8156758678255858,3.824117478147115,3.0728697323238685,9.198694681043081,9.159395319987501,-0.6010780435688018,-0.4269833252440069,0.08733626930653601,-0.6126073426273605,-1.3021683812491205,-0.26919976301710435,-1.6285359009743556,-2.206911634989259,-0.07420573956697632,-0.6546936105350457,1.4689846670210562,-0.9208656728500961,-6.721884385504324,22.66019895835834,21.343290839057815,25.25507721150156,-1.553332442133633,-5.40681568022984,-0.18078035593106134,55.395754145118836
16622.1,304,NR4A2,4929,CANDIDATE,"nuclear receptor subfamily 4, group A, member 2[Homo sapiens]",Transcription Factor,1,1.3982973504812068,1.6760784830405826,4.40807499388619,5.183610706792615,3.4150167937428257,5.765651861078927,5.0042726380856974,7.169723561264709,-0.2075578607661183,-1.1092179556345387,1.5765937928109695,1.920398535024722,3.262597349072777,1.8634162121256443,3.5691785574093933,5.484235088215578,-0.9415614518356353,-1.2627157101843518,-0.8922153292064989,-1.6964508411751207,-1.501592700108059,-0.13588072904270862,0.6204668106795537,0.4629594060081135,1.6999473444130515,-1.0358463078586533,1.7811914266088287,3.1410898456369645,12.666061534200594,21.354664854172164,2.180216511435035,14.179427206823394,-4.792943332401608,-0.5540472124631008,5.58638230880019,50.61976187056665
15878.1,304,HAND2,9464,CANDIDATE,heart and neural crest derivatives expressed 2[Homo sapiens],Transcription Factor,1,-1.3746572470598875,-2.1640758877888135,-0.7526720894445884,-1.5091312993772528,7.529506425564759,5.424606569159189,3.3503088628959174,5.043203044767384,0.20847179756059467,-0.060358553133393306,-1.506809475403285,-0.846274660474689,9.583814991803147,6.489658772066436,9.52551490373434,8.85527272073663,0.25089321614244486,-0.06760205395797415,0.9508292405783011,-0.03590455449032084,1.013429510233158,0.018279122388652442,-0.26878371213920904,-0.6138023480573929,-0.1355110130820919,0.2786564672415854,-0.8659347603474993,-1.1015353324582766,-5.800536523670541,21.34762490238725,-2.204970891450773,34.454261388340534,1.0982158482724507,0.1491225724252091,-1.8243246386462824,47.21939265765785
8583.1,304,GCM2,9247,CANDIDATE,glial cells missing homolog 2 (Drosophila)[Homo sapiens],Transcription Factor,1,4.829858883625068,1.1951368026420797,7.1923588262514375,5.94313804800269,1.3333141077523618,0.5524054593172972,1.1827744897810895,1.798624278403882,1.798232224760882,-0.960980239533505,2.1522922354231246,-0.876590035566321,4.003956994053889,2.785496783421824,7.130658211646144,7.999755895062093,-0.20622825004241924,-1.037366819434045,-1.78558949796281,-0.43615248676280244,-1.9722323033612263,-1.853586508115017,-0.6517474923944133,-1.8434637733802142,0.16234738535065965,0.30715552480399844,2.1129595199740354,2.501717390299838,19.16049256052127,4.867118335254631,2.1129541850841806,21.919867884183947,-3.4653370542020783,-6.321030077250869,5.084179820428531,43.3582456540196
17435.1,304,SHOX2,6474,CANDIDATE,short stature homeobox 2[Homo sapiens],Transcription Factor,1,-2.4711309140673747,-1.0364955735731527,-1.0466481004212214,-3.596635996875876,2.7131690304498997,2.373974957332745,1.8883951694481966,2.5151724375332343,-0.866681553240047,1.2186207568343708,-1.4978087991486064,-3.399024767801669,5.673203611892149,3.084172330724201,10.023793863742878,9.888030926326653,-0.021766112653610916,1.098249175344514,0.04024015899427753,-0.42325587527687053,3.9214718520824583,3.314071679091525,0.44520695421433804,-1.7822958702169935,4.2805762823448825,1.4864643036034975,3.335587794571615,1.3569371913295551,-8.150910584937625,9.490711594764075,-4.544894363355949,28.66920073268588,0.6934673464083102,5.898454615171328,10.459565571849552,42.51559491258558
13903.1,304,NANOG,79923,CANDIDATE,Nanog homeobox[Homo sapiens],Transcription Factor,1,1.6488153501239915,2.20910799701404,7.4920123217549595,6.0329401645972105,0.7191352806063428,0.6545764896227231,2.4225800517550224,2.8156841779334103,-1.3727404689404679,-1.2678382502051835,1.3789052818293388,2.039143119366976,0.9244621306919198,2.6839639368804016,4.766214246455847,6.768669659383936,2.4774248718189305,2.782598628799238,3.669523910895658,1.6725027696833683,-0.5591026062375462,-2.5381370218484323,-0.031009514964454452,-1.3465257626491802,-1.6501179518305644,-2.0416907443335854,-1.2032334410124272,-1.3940542669300529,17.382875833490203,6.6119759999174965,0.7774696820506627,15.143309973412103,10.602050181197193,-4.474774905699613,-6.2890964041066315,39.75381036026141
484.1,304,CRX,1406,CANDIDATE,Official Symbol: CRX and Name: cone-rod homeobox[Homo sapiens],Transcription Factor,1,0.850628910006384,-0.9572384970529427,4.407201781730766,-0.2185457039256382,4.372871266059427,2.7313371255197207,3.3567007856914803,4.104937201806838,-0.7666958860152887,0.0614784067906385,-0.3911483236780556,-1.4390132644611486,4.164933800374763,1.398828411115668,9.560299509031262,7.467545112031601,0.26232022929699234,1.4381245900736537,-0.8702321135823724,-0.3337045385614879,-0.6224086340239868,-0.758494702356742,-1.054828881252872,-2.50716925866113,3.051375115077806,0.13604799721789482,0.5210989556765777,0.3079754236734638,4.082046490758568,14.565846379077472,-2.5353790673638543,22.59160683255329,0.49650816722678626,-4.942901476294731,4.016497491645743,38.27422481760325
359.1,304,ZNF423,23090,CANDIDATE,zinc finger protein 423[Homo sapiens],Transcription Factor,1,-2.631942902437833,-3.4184127166440805,-1.4174176396745801,-1.1049366197807748,2.35906187530344,0.3349748571942824,0.4027610462081981,1.030574979135141,3.984333251170655,3.410010009314439,4.67626433070941,3.510255866202017,2.993218959243483,4.1801203523313575,5.21311328437051,7.078932288604532,1.0753273790608993,1.0130087449484435,0.9155741661747514,1.8085217913504816,1.0067097653977801,-0.10020776747740533,0.6621666347642247,0.9122727558149323,0.06472907687565681,1.072635640773752,-1.4822082402673078,-0.4920488431512389,-8.572709878537273,4.127372757841061,15.58086345739652,19.465384884549877,4.812432081534577,2.480941388499533,-0.8368923657691382,37.05739232551518
3695.1,304,ISX,91464,CANDIDATE,intestine-specific homeobox[Homo sapiens],Transcription Factor,1,-4.456156653883038,-5.474606836051378,-2.5380087398939586,-4.382750497768452,1.1230917473478836,2.1135668705210664,2.148315748915254,2.7829317282066612,1.5921237663828331,1.3184448141217238,-1.0068420086431442,-2.476617464455355,5.718626574897042,5.7469041521033315,7.959852396300692,6.914876909691984,1.6117626936573966,2.5318546805865414,1.5633158341392936,0.8137125665649185,1.1091362714413866,2.767766853112374,-0.15814164459158808,-0.2401434107328953,3.4338023674756664,1.1697775758481241,2.4818895981330837,2.0401727646216634,-16.85152272759683,8.167906094990864,-0.5728908925939431,26.340260032993047,6.52064577494815,3.4786180692292747,9.125642306078538,36.20865865804911
2382.1,304,ETS2,2114,CANDIDATE,v-ets erythroblastosis virus E26 oncogene homolog 2 (avian)[Homo sapiens],Transcription Factor,1,2.901161980830909,1.4006273570481345,4.889142391432464,4.308100256403194,1.081566763333474,-1.30359335854736,-0.07795513907799922,0.22323474658624953,1.1016712497242245,0.1607586126071902,1.8587303196493619,1.9024505602618422,2.239789653146333,0.017246024424174892,3.8120114921746846,5.178662847437948,-0.3746000482847853,0.2528944194916733,0.8860161439824986,0.6609424908639562,2.2874997355920543,-2.5638618232504715,3.0909727681076107,0.23582371978639025,-0.137688467094841,-0.30785086060987077,1.360109744601909,-0.4745049790398605,13.499031985714703,-0.07674698770563597,5.023610742242619,11.247710017183142,1.425253006053343,3.0504344002355825,0.44006543785733676,34.6093586015811
6026.1,304,SIM2,6493,CANDIDATE,single-minded homolog 2 (Drosophila)[Homo sapiens],Transcription Factor,1,-3.332114387286863,-2.146995512344282,-1.5718634587339038,-2.3001600467462358,1.686436280466156,1.4483307200963131,0.9010235560357288,0.6322399884369948,-4.240514193234967,-4.7270295586904005,-3.584550306161827,-3.5067251183161114,1.8995872076842448,3.0605206291003912,4.009114837481064,1.935330469357178,1.5973156344058856,1.4566921238532868,2.4170224948126786,1.1156261557670746,-3.556902957707769,-2.3162870547867334,0.2947007119503686,-2.551228341818729,10.734090190815397,4.851221037552929,5.818457887605586,5.674366737092087,-9.351133405111284,4.668030545035191,-16.058819176403304,10.904553143622877,6.586656408838927,-8.129717642362861,27.078135853065998,15.697705726685545
659.1,304,MAFB,9935,CANDIDATE,v-maf musculoaponeurotic fibrosarcoma oncogene homolog B (avian)[Homo sapiens],Transcription Factor,1,-5.3003743917429755,-6.220065051314258,-3.6204606354691573,-3.5042075275043523,-3.5004348124358318,-2.031282198483095,-3.006646612703124,-3.030477565261637,0.23583830083455742,0.2802370773187739,1.8067435869838824,2.2068441404632995,6.5180494532743465,5.125652850824638,8.858956786468022,12.30746787642743,-0.5457495900580213,-0.3407747151253651,0.9236639289219455,-0.2383152605813976,-1.730705640778236,-1.7240675621244776,-1.8308631746901303,-2.1472357242160878,0.7026658077176915,-1.1602056921044948,7.846556932465181,6.228645403739258,-18.645107606030738,-11.568841188883688,4.529663105600514,32.810126966994424,-0.20117563684283804,-7.4328721018089325,13.617662451817637,13.109455990846383
15915.1,304,MYOD1,4654,CANDIDATE,myogenic differentiation 1[Homo sapiens],Transcription Factor,1,-4.856479999838519,-6.056671086673664,-3.3674584789068107,-3.6029945280708384,0.30623785817268845,-0.3271588663446254,-0.2035941777865753,-0.13555955787895835,8.497287920144496,4.368288372305249,7.067446207243816,5.194224813466104,5.045471556278152,3.0784037095716608,7.020442505295225,2.2174528750229943,-0.2417404361167007,0.14051936283967367,-0.9251239797770234,-0.2263250958836945,-2.5960770138543197,-3.023502299118232,-2.0761338402497955,-3.281267869537098,-2.2465525615596516,-2.6937194763981975,1.4835208201984342,-1.2618353475291861,-17.88360409348983,-0.36007474383747046,25.12724731315967,17.36177064616803,-1.2526701489377452,-10.976981022759446,-4.7185865652886,7.297101385014612
2812.1,304,HOXC11,3227,CANDIDATE,homeobox C11[Homo sapiens],Transcription Factor,1,-5.721731791200848,-5.578301249551314,-3.4882856614629483,-5.185267705396878,0.5376521230602211,0.6203072882533216,0.11958176275587938,0.9959520072935213,-3.8312866337135625,-3.8812006938624606,-2.8885449330671267,-6.192583701581936,1.1196252930491712,0.7231788764075902,5.8437343080565345,9.30846077081248,-0.8173582043288203,0.059495322399711,-0.10145121633747337,-0.9832631663046795,5.234351389909027,3.5481339976170605,0.7606421998203786,-1.9143600088984958,-4.0819452362413156,-4.836157686216822,-3.2635778128341406,-3.8830878467782397,-19.973586407611986,2.273493181362944,-16.793615962225086,16.994999248325776,-1.8425772645712624,7.628767578447968,-16.064768582070517,-27.77728820834216
17314.1,304,GPR4,2828,CANDIDATE,G protein-coupled receptor 4[Homo sapiens],GPCR,2,7.451156255926569,4.823144175138247,18.544582005879874,14.29178609493745,8.016559409771737,2.442807916812293,8.125621140139948,8.701081322502061,10.397846550713439,5.3925340506295925,14.251946149268305,11.718302409439218,13.982007396896394,6.0014566662004,15.946752030497755,15.940917363147372,17.616760961130705,12.010089009219707,24.759286863784173,17.306201028449294,12.17373950784739,2.0128221972802,13.093612167596246,4.571729274623713,18.99730401428675,10.65022375191855,46.50681556212426,53.41849920688679,45.11066853188213,27.286069789226037,41.760629160050556,51.87113345674192,71.69233786258384,31.851903147347546,129.57284253521638,399.1455844830484
602.1,304,GPR3,2827,CANDIDATE,G protein-coupled receptor 3[Homo sapiens],GPCR,2,14.022091223800095,10.147314780717538,19.758465426825392,19.7849061915503,8.242995710722877,3.4744638373932055,8.492752969756728,10.831030254532973,7.727514454380607,5.558521988732129,9.334423156945578,12.229257876497151,2.3506708984972398,6.66427827940726,1.4693476456405479,3.7805541457274896,12.738118599269724,10.788608453018298,15.753800047831787,11.681081828088304,9.603454934615804,4.616652755741573,9.492645929628813,4.571884806144999,25.954496883296496,13.982402894985858,71.10314114819104,64.51715977703964,63.71277762289332,31.041242772405777,34.84971747655546,14.264850969272537,50.961608928208115,28.284638426131185,175.55720070351308,398.6720368989794
975.1,304,GPBAR1,151306,CANDIDATE,G protein-coupled bile acid receptor 1[Homo sapiens],GPCR,2,11.174277111589722,8.219701431588852,17.81609961811825,15.996847348047371,7.136009544307862,4.279649505102881,7.428388860421302,9.243019292244274,8.374388275354082,5.743673720665457,8.509691265337255,10.369689266795678,-0.014557166844071656,2.484662965409091,-0.13414449272097043,0.10357421311536669,11.534357157693183,9.386405380460904,11.864124487764835,9.76304245353132,8.256279032043246,3.8311846588372043,8.780653860851126,6.814334260535424,25.635604714826595,14.991358462921575,79.95113235473467,73.67315595393858,53.206925509344195,28.087067202076316,32.99744252815246,2.4395355189594166,42.547929479450225,27.682451812266997,194.25125148642147,381.21260353667105
994.1,304,HTR2C,3358,CANDIDATE,5-hydroxytryptamine (serotonin) receptor 2C[Homo sapiens],GPCR,2,10.887953036337938,4.605852117291482,13.313260504552169,3.002882058461272,10.888885347018453,6.957426350512922,6.097544325988141,7.45341572780987,10.558854432236414,4.928969742936915,11.57614613280989,5.457761812944025,24.954104002315436,14.824965660850339,26.187060777892597,20.110206652487708,21.269533160716048,14.340216505791707,21.08114986594181,9.23931495146703,13.5439028520516,2.112699310129126,13.411357368035935,0.9118391710299503,17.026581144301897,7.5569461795697705,50.43534447707657,28.354145621134265,31.809947716642863,31.397271751329384,32.521732120927254,86.07633709354604,65.93021448391664,29.979798701246615,103.37301742208251,381.0883192896912
2742.1,304,MAS1,4142,CANDIDATE,MAS1 oncogene[Homo sapiens],GPCR,2,12.73058615532067,7.4077110109053175,16.691193046635544,9.11956015170872,11.198495494623147,6.241510929257798,8.808525510711869,2.1348089093086897,24.780997502090276,10.654325032995866,25.644711118295916,14.976225853857963,16.233033928496,7.3844654186928995,16.980103625827724,9.579747277237841,7.978702170468663,7.166448424241482,6.843048397249445,3.783779453477745,6.1067263778979255,3.5675345303838406,13.748970586825106,3.2670211074627957,5.79027059643722,0.9948140832359242,18.797467996231788,9.962510701429734,45.949050364570255,28.383340843901497,76.05625950724003,50.177350250254456,25.771978445437334,26.69025260256967,35.545063377334664,288.57329539130785
3975.1,304,ADORA2A,135,CANDIDATE,adenosine A2a receptor[Homo sapiens],GPCR,2,11.486951594813387,7.18376388209262,16.093920591470336,16.090024845830815,7.985557181136707,4.159633785786045,7.783191131506555,8.40750619536231,4.436336590267147,3.658089928729156,6.2035929790702795,8.990908311188168,9.469446091800181,14.723122122653969,7.453577431904425,7.462882994676921,9.032749357900721,8.906353199694113,7.668095465636561,8.879304559883218,4.682258509334708,1.3666181630194922,6.586467393842592,3.4248881217487845,11.28147025030812,4.752376326265051,28.83680408186452,30.513383902722484,50.85466091420715,28.335888293791616,23.288927809254748,39.10902864103549,34.4865025831146,16.060232187945573,75.38403456116019,267.5192749905093
14202.1,304,GPR161,23432,CANDIDATE,G protein-coupled receptor 161[Homo sapiens],GPCR,2,10.438636166675389,7.1561621768510415,16.18225986195181,15.25596364107912,6.425511273145689,2.1179159990173035,7.0290755217464715,7.899405406921446,4.52165438898002,5.548617736224602,7.7923144703829905,9.410876325792984,0.03069036369852099,1.5480250645264828,1.7888470886402952,0.7597487065057323,5.463126261258258,7.310093426666961,7.5009377903267405,6.300661627216746,8.450258483915352,5.138824811449838,11.135008036599217,4.397341144091833,14.402729789352728,5.1316517722282065,38.9874433507539,38.50593373388783,49.03302184655736,23.471908200830914,27.2734629213806,4.12731122337103,26.57481910546871,29.121432476056242,97.02775864622265,256.6297144198874
18169.1,304,GPR52,9293,CANDIDATE,G protein-coupled receptor 52[Homo sapiens],GPCR,2,13.05391480623651,10.195159733752515,19.07772952922214,18.37615235708766,9.59278164198923,5.88080933532731,10.906413261177725,13.407171555571825,8.4385396976114,5.921154224187722,10.254981647838624,12.821384797216824,0.39821462730164137,3.0085178182528454,1.6233102591717419,1.10290362935726,3.9989279364128527,4.86837159146798,4.155157567798682,3.601946371688553,4.7438909613369775,3.257561209531978,10.875085410183097,6.449394501566934,11.367629967533007,2.8483594990475463,29.78038456324132,22.49329142745739,60.70295642629883,39.7871757940661,37.436060366854576,6.1329463340834875,16.624403467368072,25.325932082618984,66.48966545727929,252.49913992856935
3459.1,304,GPR101,83550,CANDIDATE,G protein-coupled receptor 101[Homo sapiens],GPCR,2,11.472524129136687,7.148970441978815,21.131866336420234,16.469006997897026,7.781902545160319,2.767526395181761,8.9427718965010925,8.919419403876775,9.474989767282793,5.852114268888195,13.604579744989804,11.969512116720498,8.988429300489162,5.517126292244847,11.752259689167298,6.77625006050588,2.9380070131235803,4.214185119665862,4.79924115621773,3.2972731999691205,6.591901252577056,1.8585532026641076,9.955758690908157,3.508924912931127,5.728035458253516,4.431141498474357,11.70498994671049,11.844093294202965,56.22236790543276,28.41162024071994,40.9011958978813,33.03406534240719,15.248706488976293,21.915138059080448,33.708260197641316,229.44135413213925
11621.1,304,GPR119,139760,CANDIDATE,G protein-coupled receptor 119[Homo sapiens],GPCR,2,9.225105230403585,6.115940988308974,12.691161599647954,13.6384836977099,4.241341913262782,1.930345685790505,4.835508232675999,4.890195767037862,3.4177930192073585,2.978060914558768,3.8383093278482576,5.2069062461720295,3.1106905718750104,4.1865915671048,3.4251579677355544,2.5259805078641917,1.4760467737294134,3.0593391504021414,1.700470190794813,2.178621151625848,3.2768685126487225,0.058886198510079354,3.419628580041543,1.8835927801999657,5.670895146955708,3.007563364047563,15.825660833055379,14.038971972137846,41.670691516070406,15.89739159876715,15.441069507786414,13.248420614579556,8.414477266552217,8.638976071400311,38.543091316196495,141.85411789135253
2441.1,304,LPAR4,2846,CANDIDATE,lysophosphatidic acid receptor 4[Homo sapiens],GPCR,2,9.60543718875738,6.198507905505817,13.74076308268091,12.595522914321702,-4.02402889169463,-2.810867590803024,-2.0560291339343886,-1.6283156127347769,5.7639437600582735,0.9419631285024768,6.2115073577594995,5.5342812954223595,6.310406066353671,1.5321473557914862,12.175431920078335,10.716390656485785,3.6788616795709017,4.032084091701123,2.8124811524872855,2.4121121726366974,5.679342987562037,-0.8471761463267147,8.089177695529726,1.9741930544174346,2.749116319011362,2.12923014506356,5.125258896484234,4.076973583829755,42.140231091265804,-10.51924122916682,18.45169554174261,30.734375998709275,12.935539096396008,14.895537591182485,14.080578944388913,122.71871703451828
14042.1,304,GPR132,29933,CANDIDATE,G protein-coupled receptor 132[Homo sapiens],GPCR,2,3.598834840586724,2.3548871559273112,4.371925590983591,1.8979090200158057,-1.6540258554115563,-1.02976397371198,-0.5598399515827763,-0.27297168247958464,5.365168873057005,3.071538498837913,5.9869367075778674,2.898489727391165,2.800560044252113,1.3242353164951384,7.990248431950978,5.962821868538229,2.6935754402804246,3.121171193278886,2.306608949278332,1.9200431284611832,5.613157402579518,0.6775846193106472,8.657021850039408,1.5454896461232799,2.1128392719422115,-0.47121650685800215,2.282771121074001,2.6350781571239543,12.22355660751343,-3.516601463185897,17.322133806863945,18.07786566123647,10.041398711298823,16.493253518052857,6.559472043282167,77.20107888506179
17774.1,304,LPAR1,1902,CANDIDATE,lysophosphatidic acid receptor 1[Homo sapiens],GPCR,2,4.672455600989379,2.579795746950072,7.713274736986245,1.9701620658457606,-0.8708292750740989,-1.3669747031854862,-1.5865329215748625,-1.0384054820757098,4.399359869607622,0.7409315068252251,1.4350785464563196,-0.28033024731487016,5.265556623755272,3.266248440707201,7.517169755986537,7.757627549744963,0.6828704230942775,1.8326289501003983,1.4707342024902423,-1.1704074332543535,6.021436984645534,0.7947680089440714,5.858594240510071,0.8172820582827119,1.7103517356840852,-0.6075992275485917,4.398134503645708,3.5627886004533726,16.93568815077145,-4.862742381910158,6.295039675574296,23.806602370193968,2.8158261424305646,13.492081292382391,9.063675612234576,67.54617086167711
7718.1,304,GPR35,2859,CANDIDATE,G protein-coupled receptor 35[Homo sapiens],GPCR,2,-1.1005069405351955,-0.8113049107389394,0.8384562655591772,-1.3154685639702157,-3.030071776265109,-1.3618870635960205,-1.7095742670340748,-2.3547197946402427,6.981007293254457,2.182446362822301,4.771972115775189,1.7621403329019905,4.505328142397423,1.3293346137355817,8.907180791623558,8.777399921081155,5.322154196506157,3.5942526157232315,3.7589353926951756,1.7137855779234112,3.1888796670609723,-1.4861476857035247,3.4917425077137203,-1.2921423780628216,4.737646325198499,-0.5551243314551728,9.3117490420437,6.90874741497482,-2.388824149685173,-8.456252901535446,15.697566104753937,23.519243468837725,14.389127782847979,3.902332111008347,20.403018450761838,67.06621086698921
17979.1,304,P2RY8,286530,CANDIDATE,"purinergic receptor P2Y, G-protein coupled, 8[Homo sapiens]",GPCR,2,2.2814301586066397,-0.07807211606631151,3.4753061995465915,-0.23101972504207424,-2.4012953557201584,-1.4802703437568414,-1.380190609122736,-1.6252467952026592,6.003138003803755,2.310839103106863,7.090081982004845,4.008082929983966,1.8228298567251622,-0.8211434412567067,4.242550258997838,1.8308308961566693,5.7277578289509785,3.1617158736238267,7.067648261473826,3.954509979068612,6.299686742888056,-0.8604795028931876,6.118379479805542,0.8821856415562194,-0.18631580468141704,0.4762119971894663,1.587568401788408,1.568441361829761,5.4476445170448455,-6.887003103802395,19.412142018899427,7.075067570622964,19.91163194311724,12.439772361356631,3.445905956126218,60.84516126336494
17118.1,304,VAV1,7409,CANDIDATE,vav 1 guanine nucleotide exchange factor[Homo sapiens],GTP-GEF,3,5.886997485518106,3.137667764910596,10.10653540649197,5.262006601229458,5.268810429961736,2.6616422046853447,5.1415224870202065,6.8472079044658996,9.80378744529745,6.291811849321762,10.853630069275416,9.776630207085335,15.811939975230596,7.39563139567027,24.68889650682144,18.38760062218468,0.9686814611573196,0.43212941459741316,1.1793453502811637,0.5208131379370248,8.804497739144841,2.7243633483538092,13.416042197019815,6.594797712956232,3.9811234180320603,0.41618410427627794,12.676001647839755,9.329943120135892,24.393207258150127,19.919183026133187,36.72585957097997,66.284068499907,3.1009693639729212,31.539700997474693,26.403252290283984,208.36624100690187
12261.1,304,ARHGEF3,50650,CANDIDATE,Rho guanine nucleotide exchange factor (GEF) 3[Homo sapiens],GTP-GEF,3,3.4906063450087617,0.9209217720901409,5.538402765370684,2.2323855048553036,-0.7221782981014884,-0.6453372412057343,-0.32949194715054225,-0.46238342186298254,6.82163712001811,3.326212187295272,8.632803796908519,6.733557834655945,5.663835395076153,2.7614250110196736,10.976274718215715,11.29026090442067,1.1007693122123756,1.234285972735507,0.899600803438081,0.8378995286614247,3.3606882002365195,-0.051182908294976945,5.733053097592891,3.4146078563119495,1.0784735966216292,-0.6850336870054068,1.5217191619054384,3.260627740802066,12.182316387324889,-2.159390908320747,25.51421093887784,30.691796028732213,4.072555617047387,12.457166245846384,5.175786812323725,87.93444112183171
9482.1,304,RASGRP2,10235,CANDIDATE,RAS guanyl releasing protein 2 (calcium and DAG-regulated)[Homo sapiens],GTP-GEF,3,4.253682776390261,1.55505578237981,6.266051952969441,5.072768923879373,0.40976234674295064,0.20767562586934765,1.0599836097023636,0.9880745079091595,6.076816510777569,2.8116811775143007,7.609748062053656,3.7505464939467763,5.218887340499165,2.3562715960431113,6.55176349416417,6.929385185068337,2.325011566111279,2.3770279269178385,1.8987591416350063,1.303386095165766,1.9114712017504922,-0.2229579258089721,3.893478945354147,2.0904074835146504,-0.32154027703047605,-0.14262023808139257,0.6465670623231335,1.741488799910095,17.147559435618888,2.665496090223821,20.248792244292293,21.056307615774777,7.904184729829889,7.67239970481032,1.9238953471213596,78.61863516767134
16295.1,304,RASGRP3,25780,CANDIDATE,RAS guanyl releasing protein 3 (calcium and DAG-regulated)[Homo sapiens],GTP-GEF,3,7.4893345909654885,1.0362847167108025,5.472864915963212,3.1224266311025017,3.3433885746842558,0.3447411049813489,0.21647651717861116,-0.9335717426438968,11.905172421726268,4.833785130133117,12.167718972044835,1.5459742615104521,4.052319910660713,0.2790745884476934,5.266613775162085,1.856695686365872,0.8493900850288504,0.3402114248574314,0.4261545305720269,-0.014528724357878404,3.3360883687100427,-0.6780700365669746,1.8704681959790599,-0.32181145598717237,2.788613850891473,-0.07206499683419913,0.8319788665565067,-1.0888768679726153,17.120910854742007,2.971034454200319,30.452650785414676,11.454703960636362,1.60122731610043,4.206675072134956,2.459650852641164,70.2668532958699
16290.1,304,ARHGEF9,23229,CANDIDATE,Cdc42 guanine nucleotide exchange factor (GEF) 9[Homo sapiens],GTP-GEF,3,1.1655156415076717,-0.5506407411576757,3.226640260040728,1.2089530972444555,0.5363388637912493,0.6592373603043761,1.5244006728792208,2.042115375908508,4.3943768669060885,3.2736175544013557,4.760034695714749,6.770925911461408,2.1236707027521686,0.8486697995783885,5.25271758443862,6.1436372235151495,0.29551203843030577,0.8182334169003295,1.7774030284235387,1.7141673120258216,4.773834143271463,-0.7691568782401815,4.803862547466465,2.614960207946791,1.2135896771597119,0.46972153692928137,-0.1558316781164397,2.2474072569504764,5.0504682576351785,4.762092272883354,19.19895502848361,14.368695310284329,4.605315795779996,11.423500020444536,3.7748867929230294,63.18391347843402
6929.1,304,RASGRP4,115727,CANDIDATE,RAS guanyl releasing protein 4[Homo sapiens],GTP-GEF,3,4.983712819627931,2.681585412397247,3.3341646041178628,8.044017955773624,1.3102498038354258,-0.05307048884415062,0.5879839006764539,0.6485349623397535,5.778937637918676,1.9658435056853305,4.835453474885126,4.156399975044667,1.0349493519199144,-0.11745167699948557,2.294188859952006,3.8387792892429258,0.9040967965213744,0.5853047207784096,-0.04716560947594839,1.020050830791484,2.8532485140325643,1.1279930733111496,1.9636322034188456,2.601103521233269,1.095860021777176,1.1380509292532284,0.9830139278270583,0.35747002312136467,19.043480791916664,2.4936981780074827,16.73663459353379,7.050465824115359,2.4622867386153198,8.545977311995829,3.5743949019788266,59.9069383401633
3362.1,304,SPATA13,221178,CANDIDATE,spermatogenesis associated 13[Homo sapiens],GTP-GEF,3,4.7140058979514246,1.6083702850942736,8.986670471994314,5.172381114252517,0.47231169373029075,0.6263010727087265,1.40831981847617,1.2807839685642841,2.9620587006160397,2.1140712780475805,2.9112738817581847,4.327281182347483,0.22921396666248048,-0.06028163215693089,0.38804968621219427,3.5305098612697057,-0.1474303979783072,0.13345279994008383,-0.059766235938979825,0.23555620876700176,4.31811174718701,0.6770902674018294,4.243779286309297,2.1818818431776816,1.202780620284142,1.7275388859059335,0.14986567126842143,0.3405605084176553,20.48142776929253,3.7877165534794717,12.314685042769291,4.087491881987448,0.16181237478979862,11.420863144075817,3.4207456858761525,55.67474245227051
18528.1,304,PLEKHG6,55200,CANDIDATE,"pleckstrin homology domain containing, family G (with RhoGef domain) member 6[Homo sapiens]",GTP-GEF,3,2.5131790933614284,0.6100168935988258,4.190158538246495,2.2954697450472796,0.3632823696629616,-0.37657108016226465,0.9551992646715869,0.9016586737291683,1.1047924773708673,3.3748338588210554,1.700507804882084,3.1699856480782693,1.620879222741856,1.7660647627657837,7.209947357309951,5.0699379029737335,1.6897884158145882,1.313877404374863,1.3459008140735664,1.8424413731648737,2.3922727561354997,0.15842909427531743,4.401944899067155,2.6461252413261045,-1.4945276333835593,0.5637610153768192,0.36335533259898134,0.8842248524342774,9.608824270254031,1.8435692279014517,9.350119789152275,15.666829245791327,6.19200800742789,9.598771990804073,0.3168135670265183,52.576936098357564
576.1,304,MCF2L,23263,CANDIDATE,MCF.2 cell line derived transforming sequence-like[Homo sapiens],GTP-GEF,3,0.41987441268485187,0.19260926063611425,1.7614502340034637,0.6505946560216769,-0.5074901998719155,-1.067387773880706,0.26773430826443534,1.0535837824143837,3.9427343793140284,3.2883747096057196,4.688349315020596,3.6488652153518815,2.4859592861069126,2.583549695812987,7.085757733972059,8.516775140620958,1.3476442609562589,0.9024055916201787,1.5603503419679474,1.4914749901716797,0.2918974860673087,0.6851956527500827,2.752908843595977,0.5153139255512124,-0.2582941425125912,0.1327910035342529,1.349423128526188,-0.9404766015609853,3.024528563346107,-0.25355988307380184,15.568323619292224,20.67204185651292,5.301875184716066,4.245315907964581,0.28344338798686436,48.841968636744944
6484.1,304,PLEKHG5,57449,CANDIDATE,"pleckstrin homology domain containing, family G (with RhoGef domain) member 5[Homo sapiens]",GTP-GEF,3,-0.32789855392760736,-0.7766287051208356,-0.04331902292706537,0.24768559157138673,-2.1549121957917405,-1.3783881179656043,-1.5444070194659676,-1.3844264167734979,5.679443822430263,3.3837747556335698,7.260788906664001,5.368397414835995,3.278157147056885,1.7831518770448198,5.431069653937522,6.215139081992057,0.05220761604163394,0.3554155498872823,-0.22566742960815042,-0.4011563291540514,0.5405806535185722,-1.370210402043938,1.472163740832569,0.25380855491080595,0.13180576723381418,-0.30205456507424944,-0.7521779971303294,-0.1300866768593654,-0.9001606904041216,-6.462133749996809,21.692404899563822,16.707517760031283,-0.21920059283328566,0.896342547218009,-1.05251347183013,30.662256701748767
5047.1,304,NGEF,25791,CANDIDATE,neuronal guanine nucleotide exchange factor[Homo sapiens],GTP-GEF,3,1.5082243235887764,0.07635155513094423,4.30936795818618,2.5925158752083264,-2.3203320603804625,-1.2361595792038562,-1.3997298842996737,-1.5440164598299548,0.276283856304325,-0.5704004399753001,0.7523780741642049,1.0274817805899066,3.591542520975398,1.0024090004701947,7.902084687702176,9.502092805137774,-1.344529941715699,-1.0464640286150353,-1.4428180876000907,-1.2403343149203112,-0.44933359566272996,-0.483495116798623,0.5772736915059018,0.2814133929870451,0.6293726872735628,0.3212433475110443,2.6388125672534404,2.8553977486711357,8.486459712114229,-6.500237983713948,1.4857432710831364,21.998129014285542,-5.074146372851137,-0.07414162796840625,6.4448263507091825,26.766632363658594
18931.1,304,PRKACA,5566,CANDIDATE,"Oprotein kinase, cAMP-dependent, catalytic, alpha[Homo sapiens]",S/T Kinase,4,15.940245888676849,10.128955748034292,24.19862592719485,19.271819649798942,12.543347398301243,6.261394880531969,14.994043590997482,18.53127969954762,13.693271246923269,7.433520333781482,14.634931437406788,16.21738942389593,14.147316782330817,14.782124521454266,17.37619537718936,16.38825792504863,2.4395923536558763,1.1123305044323573,2.42440935791078,1.1360243405140218,6.9562602640809,4.574929514208216,10.49170030979865,6.85659181418515,13.475506187648207,3.9422025520717114,56.05868603225466,36.695576344433675,69.53964721370492,52.33006556937831,51.97911244200746,62.69389460602308,7.112356556513035,28.879481902272914,110.17197111640822,382.7065294063079
3858.1,304,RAF1,5894,CANDIDATE,v-raf-1 murine leukemia viral oncogene homolog 1[Homo sapiens],S/T Kinase,4,21.617782525146552,-2.554597394707618,29.124447208152276,-2.0207919215690726,4.633538448769349,-2.160938364570273,-2.171161520491369,-3.1036272113477,14.917152622942515,-0.994928929278845,11.987755692285885,-1.105121928300262,20.571117616116826,-0.23970439843390992,18.088308138586786,3.33087694198575,2.9040538607747077,-2.3065573318015047,-1.1694043598064645,-2.4402078995460745,8.735864682765195,-2.928113476204919,6.926753135599192,-2.967847179001484,4.96390753548252,-1.345846132077374,6.316393434604415,-1.0076845898969138,46.16684041702213,-2.8021886476399898,24.804857457649298,41.750598298255454,-3.0121157303793358,9.766657163157983,8.92677024811265,125.60141920617819
6213.1,304,NF2,4771,CANDIDATE,neurofibromin 2 (merlin)[Homo sapiens],S/T Kinase,4,1.5936713116862329,0.22545733763502127,5.574840783495755,5.392318828646396,-0.6819428732512438,-0.21726158067368376,0.38764757778373926,1.5710388376991817,5.796304014234037,3.45964834221788,6.830751689427816,8.002871340954114,6.137117250842454,1.5328780288953623,9.507113875011,10.339282461030471,1.8524305186741348,0.5817334470349004,1.7464651532082685,1.3398047112211036,1.203881361685051,1.0029758576597736,2.834776319832696,1.427430353579258,1.8230077136424099,-2.1596707349325796e-4,0.9037301015504365,0.28764130379564196,12.786288261463408,1.0594819615579938,24.089575386833847,27.516391615779288,5.520433830138407,6.46906389275678,3.014163151914995,80.45539810044471
1434.1,304,PRKCE,5581,CANDIDATE,"protein kinase C, epsilon[Homo sapiens]",S/T Kinase,4,4.600239437507176,2.4801763643564416,6.752940859327377,5.72454785014391,1.805089670169489,2.1983048432845873,2.5829769408108487,2.8632342401098643,3.512327073449953,2.394131242060763,2.7663417891859785,1.9927845942396547,0.8321459455035473,-0.17768223499651248,2.0691493335498317,-0.25404169315698905,1.936173861069447,1.2885228845491459,0.3325655730491542,1.77618327563354,2.8927302525078633,1.8575099043843704,4.36278828519091,1.7600419311129625,-0.7131292871735304,0.9514857840152277,-0.34156871179629944,1.855307591419034,19.557904511334904,9.449605694374789,10.665584698936353,2.4695713508998782,5.3334455943012875,10.873070373196107,1.7520953764644318,60.101277599507746
18874.1,304,PAK3,5063,CANDIDATE,p21 protein (Cdc42/Rac)-activated kinase 3[Homo sapiens],S/T Kinase,4,5.527491212730433,3.264034379052093,4.414325112673197,3.4446412124121815,-0.29048410985336987,-0.7788229298626232,-0.858450613483252,-0.8932955477151628,0.7949545238694612,1.417770145023198,2.7817175153514095,1.7276685951376232,1.9004846749342406,1.2430056175126492,4.734509726287875,3.8536069354568805,0.9361161522467507,1.4046584899077021,0.6919792140177425,1.562645032589454,1.7877717069455688,0.1580088153705509,1.818994589590907,0.6403244182338368,-0.3198182555448244,0.37670506893710626,0.5715003227962935,-0.91400103450333,16.650491916867903,-2.821053200914408,6.7221107793816905,11.731606954191646,4.59539888876165,4.405099530140864,-0.28561389831475453,40.9980409701146
18033.1,304,MOS,4342,CANDIDATE,v-mos Moloney murine sarcoma viral oncogene homolog[Homo sapiens],S/T Kinase,4,5.718300243036997,0.5209306441704492,0.25518413566061937,-0.06846540839862114,-0.7235067801300844,-0.6904096405038845,-1.4070624229301505,-1.0618310402821765,2.4012367115368773,-0.16819915864707455,0.18306977960700718,-0.5454436456854874,4.478901434146981,0.2952205837391652,-0.07134421681101386,-0.3853716254345794,1.0870590366929747,-0.606571931362611,-1.5909197566471014,-1.3236937002146811,4.027970283708275,0.4133327906209293,0.27379521761866027,-0.31934549066258533,6.86323350372389,0.24957661793591587,0.8372262272830568,-1.033908588883549,6.425949614469445,-3.882809883846296,1.870663686811322,4.317406175640552,-2.4341263515314195,4.39575280128528,6.916127760059314,17.6089638028882
14683.1,304,FBXO5,26271,CANDIDATE,F-box protein 5[Homo sapiens],Ubiquitin Machinery,5,-1.0078443032294486,0.6680253663400505,1.7601593042011143,-0.9174235388924961,3.3030554324788133,2.8398390955535735,3.1653630053405872,3.6012927785528412,3.5626724330906656,4.184902275952177,5.243778553534793,5.122098287471184,5.987707156695418,1.9394539650765263,16.066026808617735,14.12791790998465,6.713758549658192,4.637623043051452,5.7426078220816885,6.671451642903093,-1.1486088767312859,-4.782138188899146,3.192746706079921,-2.2670717666399853,4.30154767387241,1.0799073066939322,12.115932043554023,9.848676536627687,0.5029168284192197,12.909550311925818,18.11345155004883,38.12110584037435,23.765441057694424,-5.005072126190493,27.34606356074805,115.75345702302015
8729.1,304,TNFAIP1,7126,CANDIDATE,"tumor necrosis factor, alpha-induced protein 1 (endothelial)[Homo sapiens]",Ubiquitin Machinery,5,1.049205274558352,-0.8642687755481526,4.2557954574734636,1.9494930786556752,-1.674987686569501,-2.594105582617,-1.1968939218688657,-0.19303836244127676,5.345161592043414,3.1653520042906877,6.979444774997966,7.487619158825106,3.750373151685172,0.7055099377952617,7.456525585813243,7.633618465890499,0.9650626544172667,0.37738569771554653,1.489865014277564,1.1890168294624455,6.665469643942721,-1.0969290967409646,6.562324759796048,1.924629016740041,0.8783441517555011,0.8078077706480857,1.4294786050249044,2.3382397568859674,6.390225035139339,-5.659025553496641,22.977577530157173,19.546027141184176,4.0213301958728245,14.05549432373785,5.453870284314458,66.78549895690914
7827.1,304,KLHL10,317719,CANDIDATE,kelch-like 10 (Drosophila)[Homo sapiens],Ubiquitin Machinery,5,0.6331160793408304,-0.08268415924220693,4.355021200963686,2.422900641060368,-0.19916666411065975,1.873882203885932,-0.4193949677779769,0.6005018007016957,3.378867856856546,0.9250950666494723,3.9116134041426593,3.574097696205368,-1.0441465377270702,4.186502001747768,-0.5425445420655779,3.337620895496472,1.0869873026776993,0.6718514162293476,0.8364657562706074,1.2457296217481433,-0.34457624458037883,0.24303431121365088,2.1718571443081984,1.8308844551311454,0.2731913377291996,-1.335250572311186,0.503782540426752,-0.2829601746389322,7.328353762122679,1.855822372698991,11.789674023854046,5.937431817451591,3.841034096925798,3.901199666072617,-0.8412368687941665,33.81227887033156
11363.1,304,ARIH1,25820,CANDIDATE,"ariadne homolog, ubiquitin-conjugating enzyme E2 binding protein, 1 (Drosophila)[Homo sapiens]",Ubiquitin Machinery,5,0.18231277217105182,-0.3269109705508638,1.6550613994239938,-1.5360329624078775,1.7742393348984609,2.473951985138387,2.694634578247559,4.499878152377818,3.030058505854433,1.1673072773393083,2.238812729767171,2.5912334833117336,2.8914036083697647,2.853927143188262,2.146386158562784,5.210699574193163,-1.4640459992167125,-2.06241258672574,-1.8118646805983472,-1.7449421805362575,0.02340289867738704,1.4516654422758768,3.2245650663147805,1.4442639818275933,-0.4712323183111442,-1.14894978815372,-0.39529361292153264,0.6095323189030734,-0.02556976136369515,11.442704050662224,9.027411996272647,13.102416484313974,-7.083265447077057,6.143897389095638,-1.4059434004833236,31.2016513114204
15582.1,304,TRIM50,135892,CANDIDATE,tripartite motif containing 50[Homo sapiens],Ubiquitin Machinery,5,-2.3803147852625894,-2.2514550955819286,0.4696863500314115,-0.7076364099314394,-0.2867479098697858,-1.104263855831961,0.346755185301415,1.1448064859251885,3.490876004470822,1.2196305242877652,4.829154374587639,2.538919164663304,3.166428725266919,1.5902507217149173,5.603685460802447,5.0945887032051465,0.8488669487497711,1.269231931275702,1.0339323120832136,0.5260979613008651,-0.7393694990347417,-1.1844664302031762,0.3454246613395644,-0.7988194632533678,-1.7085633475381918,-1.299312108868318,-0.9418843380853521,-1.8309000566569535,-4.869719940744546,0.10054990552485688,12.078580068009533,15.454953610989433,3.6781291534095515,-2.377230731151722,-5.780659851148815,18.284602214888285
18790.1,304,CRKL,1399,CANDIDATE,v-crk sarcoma virus CT10 oncogene homolog (avian)-like[Homo sapiens],Adapter Protein,6,8.387906157282622,5.367044406804518,13.136002781339748,4.713868884142388,2.8406600069266936,1.365906834240246,1.7640266412468415,1.1132648005131043,13.094272800503369,7.344767420905701,14.921485392533572,8.721559927465329,12.516850406635452,5.969234995651443,15.82005136902996,12.664917349935804,4.163630137507147,3.38116825372496,4.008859088380134,2.061074060609292,11.716476296947642,3.316372634934854,17.265322360142758,4.074577116815527,1.3745296458370464,2.200515323383061,6.003179253939111,0.07408684371976634,31.604822229569272,7.083858282926887,44.08208554140797,46.97105412125265,13.61473154022153,36.372748408840785,9.652311066878983,189.38161119109805
9011.1,304,CRK,1398,CANDIDATE,v-crk sarcoma virus CT10 oncogene homolog (avian)[Homo sapiens],Adapter Protein,6,9.012261939189584,6.25635424586984,6.933176469576728,4.052998204884969,0.23150255537412065,0.7096925436215187,-0.15468171355640029,-0.20422330717901213,8.757638639318856,4.5512162046737,10.09485765812411,3.4098105350616796,8.467893931395551,4.743675865761762,10.997113063253213,8.563743699209066,1.5832734347140016,2.7231937065379586,0.6786248897008925,-0.18391132750510242,15.291068679507802,4.576788177285824,17.213865247550547,4.626976961010717,7.063345075971768,3.088105619709577,6.113970820090354,3.202883479585766,26.254790859521115,0.5822900782602268,26.81352303717834,32.772426559619575,4.8011807034477485,41.70869906535489,19.46830499535746,152.40121529873937
6463.1,304,TRAF3IP2,10758,CANDIDATE,TRAF3 interacting protein 2[Homo sapiens],Adapter Protein,6,3.208353396875646,2.7499728368064957,3.737083480323965,2.643082828129834,8.248855409712279,5.423892242349754,8.355542188021598,10.417039734992121,1.7560293153234547,0.7057684434626368,0.26356609162064815,1.0937275511240334,8.584550179031547,6.218879578166221,12.712971760894089,13.450449811096629,-0.5504212649481874,0.5901923238548641,-0.7639013066478998,-0.19334464383441893,5.061708082602903,3.265073731656787,4.312838694204921,1.3165442408625805,-1.9611982947729538,-1.8350304855775574,-0.8800447107547351,-1.02514987972832,12.338492542135944,32.44532957507575,3.8190914015307733,40.966851329188486,-0.9174748915756417,13.956164749327192,-5.701423370833568,96.90703133484895
9651.1,304,FRS3,10817,CANDIDATE,fibroblast growth factor receptor substrate 3[Homo sapiens],Adapter Protein,6,4.243149695737598,0.8815097723575757,4.464491147854354,3.655811426900135,-0.5923292219660494,-1.0070944310401522,-0.3510704860534587,-0.675768225925924,1.5297466586509445,0.10859065790736153,1.8529459133627768,0.401940608646617,8.378939217387485,4.945150210962603,11.352863636584022,11.347123670629767,3.2135196830901958,3.2128084755377273,4.557474436229495,2.8696784069839367,1.4645457095556795,-2.93782929117694,1.364510001880855,-1.1319499804340252,1.5268868601399455,2.253534358446338,0.9655305203611276,1.9843248990401297,13.244962042849663,-2.626262364985584,3.8932238385677,36.02407673556387,13.853481001841358,-1.2407235601744304,6.73027663798754,69.8790343316501
8997.1,304,SQSTM1,8878,CANDIDATE,sequestosome 1[Homo sapiens],Adapter Protein,6,0.6678374436631567,0.8361625636761119,3.3020655418717375,2.382870482062723,-0.5750652452375037,-0.5213948703914961,-0.04130021528402298,-0.3702521138598971,1.648762491562214,0.9025323810843783,2.3672053115312526,3.137538833080274,2.302994317584249,0.14558527679281194,5.360028252091755,6.2776378414831795,0.7915754144327747,1.178187960127801,0.7781034066262904,1.5289952729092546,3.3187795046606876,-1.1418397673278904,4.041970196286632,2.7637622979562733,2.7943151820579804,2.8661882702149555,1.722232517967142,3.608668284792225,7.1889360312737285,-1.50801244477292,8.056039017258122,14.086245687951996,4.276862054096122,8.982672231575703,10.991404255032306,52.07414683241505
12912.1,304,HCK,3055,CANDIDATE,hemopoietic cell kinase[Homo sapiens],PTK,7,10.15660393386809,6.703239520432962,14.136072628620353,5.9362824691805205,3.747947206396357,2.9676968449258636,5.516832200033654,3.7220114245392546,14.985493195796089,14.748424323207868,25.188737792939488,13.643994204605882,11.533717485243628,5.272986501813893,12.704122364751056,7.457097831213667,2.7155442208173763,1.6992403213593563,1.752226936358179,0.7236576730561415,5.954932690483672,3.0416547795998508,12.732961467306575,3.3519011093785567,-0.7456398895653774,-2.110255861553173,3.8863744214812073,-1.1062092848727882,36.93219855210193,15.95448767589513,68.56664951654932,36.96792418302224,6.890669151591053,25.08145004676865,-0.07573061451013087,190.3176485114182
15450.1,304,BTK,695,CANDIDATE,Bruton agammaglobulinemia tyrosine kinase[Homo sapiens],PTK,7,13.109883664066432,8.952322541294404,18.928024485926105,9.928050465261082,2.3036005004294218,0.8377810409798939,1.7393008785171566,2.8183642096189776,5.699216535199696,2.4967574513986053,5.19156253489962,2.480162968781821,24.21506288922362,11.120180966712676,27.507559478973636,23.79321674655763,0.17128488839641012,0.01988724142487088,-0.4461929895431558,-1.0363425085575977,5.586021209249116,0.8496012141455571,10.509335234415294,1.1326209490072456,1.688929962593966,2.1731729785269076,5.8280472228097695,1.8329333920685198,50.91828115654802,7.699046629545449,15.867699490279744,86.63602008146756,-1.2913633682794718,18.077578606817216,11.523083555999165,189.4303461523777
19004.1,304,LCK,3932,CANDIDATE,lymphocyte-specific protein tyrosine kinase[Homo sapiens],PTK,7,10.4710981193641,8.271603136702975,19.702709108706156,3.7865422719122583,6.916645780017171,3.224887691834312,5.860359148401302,5.164470697244608,7.693021683218698,1.6302784904342098,12.915103867982019,3.902185289294703,10.019897433301033,4.660352495850632,21.09223599424917,12.034278371540852,3.130354910508429,2.151537820254008,2.8774004949086276,1.8083224105089313,3.4135309293761806,1.2648615448738036,7.787320784229443,-0.1283467657893374,-0.042917630143561744,0.8831474390418484,3.1713016012436444,-0.8018459634987022,42.2319526366855,21.166363317497392,26.140589330929625,47.80676429494168,9.967615636180001,12.337366492690087,3.2096854466432285,162.8603371555676
17976.1,304,SRC,6714,CANDIDATE,v-src sarcoma (Schmidt-Ruppin A-2) viral oncogene homolog (avian)[Homo sapiens],PTK,7,9.116467618531773,5.437242193304778,15.693021014438568,2.0101612741489485,1.2574025809061995,0.20569304886086723,1.1195284684663325,-0.3574869004389087,6.087835007544149,3.3945679836422973,9.710455397855743,2.2312683368978368,11.941255756763198,5.048275208658151,21.724548811799917,13.21741247392872,3.3717871773809183,3.666274306475659,3.72608573324702,1.7136117035079685,9.770555888351684,0.7102779927640003,14.140666635167264,-0.8131211096452413,-0.2544821253993309,-1.1469007252297634,-0.46816305582650847,-2.1418346766723735,32.25689210042407,2.2251371977944916,21.424126725940027,51.93149225114999,12.477758920611564,23.8083794066377,-4.011380583127975,140.1124060194299
15563.1,304,LYN,4067,CANDIDATE,v-yes-1 Yamaguchi sarcoma viral related oncogene homolog[Homo sapiens],PTK,7,8.122544438051902,6.385502417992784,12.06382203665959,2.591370267392038,-0.14114835177562873,-1.0099969725053106,-0.7839872365788771,-2.130745896634209,1.9251866987461694,0.06197837552618695,3.5958124982928954,1.381118075519229,6.8021108745549075,2.6591682079203927,10.020625508556757,7.264949426189688,-0.5489484944816686,-0.038548043273509844,-0.25362852646922696,-0.8313466479569515,3.0139011021638287,-0.17245435562131228,4.5335693802213175,-0.3326252789357547,-0.5034862299753359,-0.48468686001638134,0.3748646598864858,-1.3183422097615036,29.16323916009631,-4.065878457494026,6.964095648084481,26.746854017221743,-1.6724717121813568,7.042390847828076,-1.931650639866735,62.246578863688505
17308.1,304,FGR,2268,CANDIDATE,Gardner-Rasheed feline sarcoma viral (v-fgr) oncogene homolog[Homo sapiens],RTK,8,6.975209027627256,5.205222011460246,12.252812654945174,3.8096156635311393,2.0824808926048886,0.47480765592546326,1.50046275615332,2.191557486487654,5.934325990334688,3.448684997363427,7.152798544138754,1.3145979324807981,17.988303815713586,8.817599113599016,23.518129604248234,15.530445779322653,1.604226580332265,2.3443834779427744,1.2461423502066575,0.7340615987330058,3.0552048150191125,-0.6497616160658634,9.461370962382999,1.1749007678645227,-0.5214805687362795,1.2466441297310886,2.2180168114682943,-0.47039668014861546,28.242859357563812,6.249308791171328,17.85040746431767,65.85447831288344,5.928814007214702,13.041714929200769,2.4727836923144877,139.64036655466626
19018.1,304,FGFR2,2263,CANDIDATE,fibroblast growth factor receptor 2[Homo sapiens],RTK,8,10.347819762464143,4.042000955622614,16.63800892354059,1.0043601213892555,1.9420257764910067,0.6521499226442586,2.5854609314284587,1.4221797652632004,5.089910337802271,0.14018883373112323,7.797958755512928,3.2757935722968288,3.719298710492819,0.9048997439105436,8.047583848021905,4.559947160734286,-0.24256977119430156,-0.7809201592831615,0.3599675696865404,-0.8373535050363345,4.324198388891415,0.7584634156609793,10.737568478313735,1.0636856399901613,0.1734097430098462,2.4808110411553996,2.9458549537682646,0.8560241253679527,32.03218976301659,6.601816395826925,16.303851499343153,17.23172946315955,-1.5008758658272574,16.883915922856296,6.456099863301463,94.00872704167672
19059.1,304,AXL,558,CANDIDATE,AXL and Name: AXL receptor tyrosine kinase[Homo sapiens],RTK,8,3.579644220213174,2.826328866734099,7.440875515673345,4.3112241429439715,-1.604432109946627,-1.3141239044990334,-0.4695582436101878,0.8837080240016302,3.4983286028630207,0.40778653320415587,4.512812608034346,4.3178239743911355,11.819807591326068,5.822580342614917,14.29321564173968,6.950554089862962,-1.407687340103681,-1.82916879094587,-1.4792364229012924,-1.7096686173761435,0.20497926980338343,-0.5887300280324296,4.633240940018884,0.5597798601894879,-1.6773574679207413,-0.3102741822582353,-0.37310360949193366,-1.4269396174960916,18.158072745564592,-2.5044062340542173,12.736751718492657,38.886157665543614,-6.425761171326988,4.809270041979327,-3.7876748771670026,61.87240988903199
891.1,304,TYRO3,7301,CANDIDATE,TYRO3 protein tyrosine kinase[Homo sapiens],RTK,8,7.165446819038162,4.694558548265427,9.702261946471749,6.684413986153829,1.4114225431597418,1.6559570883664825,1.6485865385052125,1.9242034193551154,1.2596407580325644,1.1357838111613097,1.777569119606745,2.319927889751164,2.5792963296763003,1.0317373074674963,3.056704587526101,1.681311161743177,-0.3933263748196515,-0.16558471065478253,-0.23995513203966357,0.3101725964322132,-0.09236225537698343,0.7006925369577048,1.8596045578274993,1.7637704803913823,1.945368528221279,-0.6022085619890328,2.4926941941253626,1.2418147102666033,28.24668129992917,6.64016958938655,6.4929215785517815,8.349049386413073,-0.4886936210818843,4.231705319799604,5.077668870624212,58.5495024236225
4491.1,304,CARD9,64170,CANDIDATE,"caspase recruitment domain family, member 9[Homo sapiens]",Protein Binding,9,2.3663526810052784,1.123290561016476,7.2053546647686675,3.5548307621045434,3.576603439842008,1.2836206990727916,5.165498341357912,6.895900042644927,0.7968397350404213,0.06613026312524506,1.574086146274786,2.2537567733885666,4.960479962527611,3.4941161792404465,10.71155143797477,9.147867248898145,1.4069422111550953,2.1052313052393736,1.776103101079951,1.924119441531872,2.1789105948430505,-0.15377841572645562,7.076697003451991,2.9291693035552884,2.0066074607399185,-0.7723404599290674,5.964348297871325,5.524039712906535,14.249828668894962,16.921622522917637,4.690812917829017,28.314014828640975,7.21239605900629,12.03099848612387,12.722655011588712,96.14232849500145
15700.1,304,WDR5,11091,CANDIDATE,WD repeat domain 5[Homo sapiens],Protein Binding,9,2.55610541279145,2.647012055919839,3.0378663864984596,4.0070461193403455,1.667745132041825,0.006570127656510847,1.2499931879272097,1.2750100565502844,0.3393539330157399,0.9896180611624303,0.6553124857949013,0.8075635801775677,2.2860391929976576,0.06480886067999712,0.7177080793289344,0.12135226369101457,0.8449564008251874,-0.29290986656595486,0.8386601682460086,0.43081421623955307,0.3781363274655013,0.9369691903224788,1.185460340451965,0.11544135995959105,1.0743457943219767,-0.7960510639901068,0.8202441730882727,-0.8493905713640719,12.248029974550091,4.19931850417583,2.7918480601506395,3.189908396697603,1.821520918744794,2.616007218199537,0.2491483320560705,27.11578140457457
13667.1,304,PVRL1,5818,CANDIDATE,poliovirus receptor-related 1 (herpesvirus entry mediator C)[Homo sapiens],Cytoskeletal Binding Protein,10,5.767868884280676,2.258043470614941,9.941049614443015,7.00515776129473,0.8450893052865007,-0.3222060924261192,0.10336410870617015,-0.12309909806102101,1.3513450065293293,-0.26551417410067535,1.9404841843236182,-1.102561032665066,6.179461646821889,2.3976185271387633,8.905191945148083,7.57856132731089,1.7019377191991147,1.0951780547970105,1.4567548073540368,1.684506950788621,5.070395871761762,-0.12680187213695757,5.6498769642704465,-0.11036901336735754,-0.329667434196868,2.141714520158721,1.48949770985221,1.3223981702751602,24.972119730633352,0.5031482235055308,1.923753984087206,25.060833446419625,5.938377532138784,10.483101950527894,4.623942966089221,73.50527783340158
707.1,304,TEKT5,146279,CANDIDATE,tektin 5[Homo sapiens],Cytoskeletal Binding Protein,10,-0.7607516255110881,-1.4524460233529857,-0.32633351086328216,-0.5202249315846488,3.0690894563072253,1.4748418952885003,0.24843210872264063,1.8459728069476364,0.3340477857204602,-0.6546014068643871,-0.9645759664255337,-2.14655328431042,13.471276395316282,10.926090197637015,19.234714320619005,24.528976202818136,-0.2970778650752518,-0.06132028556389924,-0.34339383339635343,-0.31692471318292204,-2.500991261049407,-1.0320590283595967,-2.2794811669613084,-2.181535094005166,-2.129559744733063,-2.192243493894264,-2.095843139343546,-2.1727710494909385,-3.0597560913120048,6.638336267266001,-3.4316828718798797,68.1610571163904,-1.0187166972184258,-7.994066550375476,-8.590417427461816,50.70475374540882
2548.1,304,SAMD4B,55095,CANDIDATE,sterile alpha motif domain containing 4B[Homo sapiens],RNA Binding Protein,11,5.50736200714689,3.780554423550293,8.971205978534257,6.256457329505773,3.295531499976071,2.0870485896372477,4.773152601875662,6.552460450965926,3.232721356673314,0.8343890155804887,4.00616703658606,4.3980231482798775,2.1556625344075298,0.6770536184291074,3.2063311965969086,5.621981628272464,1.857761301484828,0.7111214737038793,1.4522792595756977,1.6630018654974648,2.744950355892619,-0.4247978839541887,8.199028095570439,3.809376129340377,8.07459948623774,2.0793199937564113,11.888602629551439,10.834193982735059,24.515579738737213,16.708193142454903,12.471300557119736,11.66102897770601,5.68416390026187,14.32855669684925,32.876716092280645,118.24553910540965
10112.1,304,SAMD4A,23034,CANDIDATE,sterile alpha motif domain containing 4A[Homo sapiens],RNA Binding Protein,11,4.050265822025577,1.9252090405571725,6.231761801270951,6.052790794900095,4.661473245762809,2.289882729878743,3.654995824294315,5.888243254286813,6.669413322107463,3.580345369115091,7.558801375263717,5.442494025787343,4.407106092044713,0.6628379740350047,7.964884422704469,8.304100012132057,3.1170823080521854,1.709614869709611,3.0298409338880172,2.118708758625876,2.868919664517675,-1.424030513215861,5.021638199343603,1.1487715359717012,1.0040939353684806,1.560193738082404,0.8841045676396678,1.9547594835375877,18.26002745875379,16.494595054222685,23.25105409227362,21.338928500916246,9.975246870275694,7.615298886617117,5.403151724628141,102.33830258768727
15887.1,304,VPS28,51160,CANDIDATE,vacuolar protein sorting 28 homolog (S. cerevisiae)[Homo sapiens],Vesicular Protein,12,6.81171235415044,7.3960993859538915,10.514813843454041,10.275779275853017,1.6774969047810324,1.423565977874984,1.6368877857543094,2.4451539534663773,-1.7055835545871743,5.374452215288637,1.8587786815448617,15.192769781846788,22.35156363061968,29.294925147201116,25.03967310852227,52.10917225040391,3.0811719336782404,4.097580901940763,2.6252534580825038,2.5598136624765733,12.373617342022559,16.242248177147054,10.394592703420464,8.218190503889424,0.34307170137821985,-3.767666253958126,0.05452665030104108,4.795901849538094,34.99840485941137,7.183104621876701,20.72041712409311,128.79533413674693,12.363819956178084,47.22864872647952,1.4258339472592294,252.71556337204493
13513.1,304,IFNA10,3446,CANDIDATE,"interferon, alpha 10[Homo sapiens]",Secratory Protein,12,0.0083344731482063,-0.3547136199394128,-0.8972857877018715,-0.13152771843012645,18.690150611938275,18.54913637923053,2.6851461253113,-0.03430236073200789,4.431195618484209,4.789012397926329,1.5733975359529397,3.257993718584004,13.711870678729552,16.767028203995913,8.299060324637901,11.080713305762375,1.1595644042619935,2.1581371677090044,-1.314912625767032,-2.5703039935293197,1.8226106014933061,2.8296719911565957,-1.1075490630766673,-0.7548989280257133,-0.7794453879380137,1.987146395681515,0.030890038127970657,0.5124269914857661,-1.3751926529232044,39.890130755748096,14.051599270947484,49.858672513125754,-0.5675150473253545,2.789834601547522,1.7510180373572382,106.39854747847755
3537.1,304,KLHL34,257240,CANDIDATE,kelch-like 34 (Drosophila)[Homo sapiens],Unknown,12,2.8384982903559366,-1.4483729186907994,4.273848232604689,4.317182880831738,-0.6223199422818833,0.08818152486789645,-0.006165082688352887,1.0151914847586523,3.9333344768157716,2.4576147956101044,5.441562856056436,5.2769089015543225,10.20459170169121,7.329476826519676,9.599742985730495,14.264280072212443,1.7863162461246516,1.463956274768192,1.8707674523648132,2.885066562217343,4.577906383859748,1.8283323273057694,6.327358480997154,3.234723634939914,0.5249807888049951,0.37087286395750163,2.6712594235782254,4.314943335479697,9.981156485101563,0.4748879846563128,17.109421030036632,41.39809158615383,8.006106535475002,15.968320827102588,7.882056411820419,100.82004086034634
14475.1,304,TNFRSF13B,23495,CANDIDATE,"tumor necrosis factor receptor superfamily, member 13B[Homo sapiens]",TNF Receptor,12,0.10432633847495706,-0.4294156619128207,1.3578067346308165,-1.4257293056613445,2.4187747147473133,2.0511736266207596,3.556362744804833,2.4452790799457267,4.662491032407535,4.082016321147726,3.499924791699568,3.5762242065244045,4.912790772003629,2.2838764741843836,8.106362122307445,5.902701070076598,1.828875674478606,1.7623112293510421,1.5546398675599074,1.327129023205836,8.832975704601425,1.594064734839692,9.450764898477685,3.291641370315139,1.4701090711810363,-0.0759916343093945,1.693275258945365,1.7530321830183349,-0.39301189446839196,10.471590166118633,15.820656351779236,21.20573043857205,6.472955794595391,23.169446708233934,4.84042487883534,81.58779244366619
16470.1,304,CYP2E1,1571,CANDIDATE,"cytochrome P450, family 2, subfamily E, polypeptide 1[Homo sapiens]",Monooxygenase,12,2.9435097171930495,4.211261583610273,1.9481571150836545,4.205451035888376,2.8771881580751173,3.858352870281957,1.623549477971752,1.8366741970117213,0.27859048721097646,0.3456280423764445,0.8922695735666951,0.6286996094512954,11.531932792149497,10.125800333402816,11.46494703457319,10.71647966476485,0.5467946481977398,1.1022329894694707,0.5875911537379722,0.4868082500896508,2.3760694413073074,0.29457770123017185,1.036009898630022,0.9257896816272615,1.3735080120091319,1.110730969435404,1.6076766575284063,-0.4386769628238181,13.308379451775348,10.195764703340547,2.1451877126054124,43.83915982489035,2.7234270414948343,4.632446722794763,3.653238676149124,80.4976041330504
11622.1,304,BRMS1L,84312,CANDIDATE,breast cancer metastasis-suppressor 1-like[Homo sapiens],HDAC Component,12,5.706774895865506,5.6689636228834726,2.6062339474196135,6.215661424399987,5.675629504746784,4.136042996427469,2.6830783188359884,3.875914931614746,1.1906443303417653,2.319435503573594,1.0498777661596936,1.4386981091096758,4.496836513662839,4.68971244349692,3.4539715315579502,5.0111004965412524,-0.8017804411315343,-0.5973111209365781,-1.2231560291832089,-1.0368117722012948,3.2536070712314533,1.6484019022682683,0.9164298931366934,1.6257253394801137,5.410355345064278,-0.17459470903623628,7.1766762314977095,3.5673340346878977,20.19763389056857,16.37066575162499,5.998655709184729,17.651620985258965,-3.6590593634526165,7.444164206116526,15.97977090221365,79.9834520815148
16804.1,304,ADAP2,55803,CANDIDATE,ArfGAP with dual PH domains 2[Homo sapiens],GTP-GAP,12,5.06135286085106,3.5420346432304552,4.229806047050703,5.175544809976215,-0.6044940299914503,-1.2749884441232497,0.14311729834857034,0.08495148668633651,2.8627035445537508,2.0276218245784516,2.688342679987395,2.6753861619579897,5.127147329866557,2.9082483734387163,9.456792442232254,9.031068408345389,-0.024102996423156636,0.09877798759021625,0.05542346180887552,0.18791942297852454,4.00258476581946,1.7492649726560152,3.4541919971822295,2.1572977140701775,1.5215541696099486,0.28685376993166856,2.3554785511199965,3.338729974295387,18.00873836110843,-1.651413689079793,10.254054211077587,26.523256553882923,0.3180178759544598,11.363339449727885,7.502616464957001,72.3186092276285
16460.1,304,MLYCD,23417,CANDIDATE,malonyl-CoA decarboxylase[Homo sapiens],Decarboxylase,12,8.618114835518114,7.505942821499759,7.812202452519318,10.29009416109237,2.6909655568781474,1.9947450142505496,0.24696064183160388,0.06978333860585173,2.5792473231241417,3.4801721927082427,-0.6308389326679863,1.7034710752840172,0.8547576887441848,0.4187674049209888,1.2732063521600758,0.6143982077147412,-1.217742526305459,-0.5062467915525651,-1.6818861507843779,-1.154619303779432,7.636454656291149,4.388489399106945,2.0779871289763197,1.9057933932669726,-0.6458040945093114,0.28634323684515917,-0.9523748151847246,-0.19605380544081066,34.22635427062957,5.00245455156615,7.1320516584484155,3.1611296535399913,-4.560494772421834,16.008724577641377,-1.507889478289687,59.462330461114
5552.1,304,MAGEA9,4108,CANDIDATE,"melanoma antigen family A, 9[Homo sapiens]",Melanoma Antigen,12,0.053216407937763624,-1.142872384466406,0.8870085361750659,2.6745903920185286,-1.5078892468655576,-1.5255866695167801,-0.8104336642379344,-1.0067211699773735,2.4806967244752336,-0.9827897578477123,3.6911897597584558,3.03715885953107,5.477084905262685,3.662289215443537,10.888036375950676,8.306268651791157,-0.4335411450811965,-0.5782352759913062,-0.7171213394758837,0.1510533476958437,1.5294643508607764,-0.9586923076982707,3.8362827000047273,1.7450015083464967,0.5029556487060428,1.94675166220033,0.8724136536615391,3.256442657306464,2.4719429516649525,-4.850630750597646,8.226255585917045,28.33367914844806,-1.5778444128525428,6.15205625151373,6.578563621874379,45.334022395967985
3967.1,304,RIT2,6014,CANDIDATE,Ras-like without CAAX 2[Homo sapiens],Small GTPase,12,4.8060815752428505,0.6092662116759117,5.749190160577269,1.1105289976216126,-0.7873687483066493,-0.8033097487165961,-0.4935884008040092,-0.9234799670805177,0.5850740472794035,0.2877413890707559,1.1670987345874462,0.6598141211706854,3.9328042387112014,3.183429702848803,4.850682272804814,2.8880553215502136,0.29293768129626285,0.8482830296917007,0.5325324625410239,0.05720538443249778,0.12173729511556972,-0.07947153631408116,1.758059269967044,-0.37764859973259235,-0.11104877183424161,-0.4204849064527989,2.4874742575206876,-1.7977388110159962,12.275066945117647,-3.007746864907773,2.699728292108291,14.854971535915032,1.7309585579614855,1.4226764290359402,0.15820176821765042,30.13385666344828
15957.1,304,KCTD1,284252,CANDIDATE,potassium channel tetramerisation domain containing 1[Homo sapiens],Potassium Channel Tet. Domain,12,2.4143729182886027,0.0846755731809244,5.93968971263724,4.647683011661147,0.16683797403289366,0.0320136148028727,-1.3579971888688458,-0.6012653138404231,1.7308981482876673,0.18375687945308958,2.6492816112638566,1.1273196831797774,-1.55840888386756,0.13048415028239743,-2.057778604741874,-2.2184548805382787,-0.23618552951411337,-0.5236187468772864,-0.9758184421869721,-1.182984127562926,-3.6419616364159992,-1.5043260273535164,-2.7093780188181156,-3.0035508913536453,3.187594310172908,-0.9827311263130072,6.6105818844975754,7.192252268278133,13.086421215767917,-1.7604109138735027,5.691256322184391,-5.704158218865314,-2.9186068461412975,-10.85921657394128,16.00769733663561,13.542982321766523
